,index,Product,Units Sold
367,2021-01-02,Men's Street Footwear,1338.0079530640214
368,2021-01-03,Men's Street Footwear,1231.5312752221218
369,2021-01-04,Men's Street Footwear,1143.1484564165912
370,2021-01-05,Men's Street Footwear,1458.0
371,2021-01-06,Men's Street Footwear,1218.0159061280428
372,2021-01-07,Men's Street Footwear,1018.5779195383225
373,2021-01-08,Men's Street Footwear,878.0
374,2021-01-09,Men's Street Footwear,814.5961072822365
375,2021-01-10,Men's Street Footwear,846.6802011541936
376,2021-01-11,Men's Street Footwear,992.5662413850324
377,2021-01-12,Men's Street Footwear,1270.5681877439142
378,2021-01-13,Men's Street Footwear,1699.0
379,2021-01-14,Men's Street Footwear,1872.0
380,2021-01-15,Men's Street Footwear,736.0
381,2021-01-16,Men's Street Footwear,875.0
382,2021-01-17,Men's Street Footwear,3163.0
383,2021-01-18,Men's Street Footwear,2331.0
384,2021-01-19,Men's Street Footwear,1186.0
385,2021-01-20,Men's Street Footwear,914.0
386,2021-01-21,Men's Street Footwear,1554.0
387,2021-01-22,Men's Street Footwear,635.0
388,2021-01-23,Men's Street Footwear,2641.0
389,2021-01-24,Men's Street Footwear,3792.0
390,2021-01-25,Men's Street Footwear,2410.9999907472015
391,2021-01-26,Men's Street Footwear,760.0
392,2021-01-27,Men's Street Footwear,844.0
393,2021-01-28,Men's Street Footwear,1268.032629214761
394,2021-01-29,Men's Street Footwear,1484.8670531250284
395,2021-01-30,Men's Street Footwear,1400.0
396,2021-01-31,Men's Street Footwear,1013.8482995494244
397,2021-02-01,Men's Street Footwear,706.5091872452558
398,2021-02-02,Men's Street Footwear,953.0
399,2021-02-03,Men's Street Footwear,1807.0
400,2021-02-04,Men's Street Footwear,1987.0239830099028
401,2021-02-05,Men's Street Footwear,1191.0
402,2021-02-06,Men's Street Footwear,542.0
403,2021-02-07,Men's Street Footwear,2688.0
404,2021-02-08,Men's Street Footwear,2513.7406768855317
405,2021-02-09,Men's Street Footwear,1175.0
406,2021-02-10,Men's Street Footwear,1258.0244490113691
407,2021-02-11,Men's Street Footwear,2024.9770580825052
408,2021-02-12,Men's Street Footwear,1907.0
409,2021-02-13,Men's Street Footwear,795.0
410,2021-02-14,Men's Street Footwear,1746.0
411,2021-02-15,Men's Street Footwear,1514.0
412,2021-02-16,Men's Street Footwear,3513.6173998798336
413,2021-02-17,Men's Street Footwear,4559.0
414,2021-02-18,Men's Street Footwear,1857.0
415,2021-02-19,Men's Street Footwear,966.0
416,2021-02-20,Men's Street Footwear,710.0
417,2021-02-21,Men's Street Footwear,2099.0
418,2021-02-22,Men's Street Footwear,2981.0
419,2021-02-23,Men's Street Footwear,780.0
420,2021-02-24,Men's Street Footwear,1283.0
421,2021-02-25,Men's Street Footwear,1722.3997835560992
422,2021-02-26,Men's Street Footwear,1587.0
423,2021-02-27,Men's Street Footwear,1551.8203676161463
424,2021-02-28,Men's Street Footwear,1533.4805036294638
425,2021-03-01,Men's Street Footwear,1259.0
426,2021-03-02,Men's Street Footwear,640.0
427,2021-03-03,Men's Street Footwear,832.0
428,2021-03-04,Men's Street Footwear,2871.0
429,2021-03-05,Men's Street Footwear,1827.0
430,2021-03-06,Men's Street Footwear,710.0
431,2021-03-07,Men's Street Footwear,1034.0
432,2021-03-08,Men's Street Footwear,2016.0
433,2021-03-09,Men's Street Footwear,795.0
434,2021-03-10,Men's Street Footwear,488.0
435,2021-03-11,Men's Street Footwear,2265.0
436,2021-03-12,Men's Street Footwear,1760.0
437,2021-03-13,Men's Street Footwear,2670.0
438,2021-03-14,Men's Street Footwear,1036.562447621232
439,2021-03-15,Men's Street Footwear,986.0
440,2021-03-16,Men's Street Footwear,4618.0
441,2021-03-17,Men's Street Footwear,1729.0
442,2021-03-18,Men's Street Footwear,1950.3534650614997
443,2021-03-19,Men's Street Footwear,3218.0
444,2021-03-20,Men's Street Footwear,1268.0
445,2021-03-21,Men's Street Footwear,676.0
446,2021-03-22,Men's Street Footwear,1865.0
447,2021-03-23,Men's Street Footwear,1526.0
448,2021-03-24,Men's Street Footwear,1082.564600231644
449,2021-03-25,Men's Street Footwear,902.0
450,2021-03-26,Men's Street Footwear,765.8148107169599
451,2021-03-27,Men's Street Footwear,760.0783236428254
452,2021-03-28,Men's Street Footwear,1047.0
453,2021-03-29,Men's Street Footwear,1706.2068052025706
454,2021-03-30,Men's Street Footwear,2486.995721431356
455,2021-03-31,Men's Street Footwear,3056.081235058856
456,2021-04-01,Men's Street Footwear,3080.17783245757
457,2021-04-02,Men's Street Footwear,2226.0
458,2021-04-03,Men's Street Footwear,871.0
459,2021-04-04,Men's Street Footwear,805.0
460,2021-04-05,Men's Street Footwear,629.0
461,2021-04-06,Men's Street Footwear,2366.0
462,2021-04-07,Men's Street Footwear,2042.1107926115556
463,2021-04-08,Men's Street Footwear,982.0
464,2021-04-09,Men's Street Footwear,1796.0
465,2021-04-10,Men's Street Footwear,3057.0
466,2021-04-11,Men's Street Footwear,685.0
467,2021-04-12,Men's Street Footwear,1248.0
468,2021-04-13,Men's Street Footwear,2744.0
469,2021-04-14,Men's Street Footwear,1372.0
470,2021-04-15,Men's Street Footwear,1312.0
471,2021-04-16,Men's Street Footwear,906.0
472,2021-04-17,Men's Street Footwear,3454.0
473,2021-04-18,Men's Street Footwear,1610.0
474,2021-04-19,Men's Street Footwear,1467.0
475,2021-04-20,Men's Street Footwear,1839.0
476,2021-04-21,Men's Street Footwear,2450.0
477,2021-04-22,Men's Street Footwear,594.0
478,2021-04-23,Men's Street Footwear,805.0
479,2021-04-24,Men's Street Footwear,1511.0
480,2021-04-25,Men's Street Footwear,1473.0
481,2021-04-26,Men's Street Footwear,869.0
482,2021-04-27,Men's Street Footwear,1066.0
483,2021-04-28,Men's Street Footwear,1025.3535927588061
484,2021-04-29,Men's Street Footwear,721.9494563309431
485,2021-04-30,Men's Street Footwear,594.0705917376088
486,2021-05-01,Men's Street Footwear,1080.0
487,2021-05-02,Men's Street Footwear,2100.0
488,2021-05-03,Men's Street Footwear,1891.0
489,2021-05-04,Men's Street Footwear,1060.0
490,2021-05-05,Men's Street Footwear,2440.0
491,2021-05-06,Men's Street Footwear,1006.0
492,2021-05-07,Men's Street Footwear,2149.0
493,2021-05-08,Men's Street Footwear,650.0
494,2021-05-09,Men's Street Footwear,2393.0
495,2021-05-10,Men's Street Footwear,716.0
496,2021-05-11,Men's Street Footwear,1699.0
497,2021-05-12,Men's Street Footwear,2037.0
498,2021-05-13,Men's Street Footwear,3441.0
499,2021-05-14,Men's Street Footwear,897.0
500,2021-05-15,Men's Street Footwear,2250.0
501,2021-05-16,Men's Street Footwear,1177.0
502,2021-05-17,Men's Street Footwear,964.0
503,2021-05-18,Men's Street Footwear,2591.0
504,2021-05-19,Men's Street Footwear,4148.0
505,2021-05-20,Men's Street Footwear,1318.0
506,2021-05-21,Men's Street Footwear,684.0
507,2021-05-22,Men's Street Footwear,821.8484010569873
508,2021-05-23,Men's Street Footwear,676.0
509,2021-05-24,Men's Street Footwear,856.0
510,2021-05-25,Men's Street Footwear,3040.0
511,2021-05-26,Men's Street Footwear,3183.845992024992
512,2021-05-27,Men's Street Footwear,1503.0
513,2021-05-28,Men's Street Footwear,1901.835141717856
514,2021-05-29,Men's Street Footwear,1897.4065702892844
515,2021-05-30,Men's Street Footwear,2108.2637131464276
516,2021-05-31,Men's Street Footwear,746.0
517,2021-06-01,Men's Street Footwear,3308.0
518,2021-06-02,Men's Street Footwear,645.0
519,2021-06-03,Men's Street Footwear,2332.0
520,2021-06-04,Men's Street Footwear,1857.0
521,2021-06-05,Men's Street Footwear,1392.0
522,2021-06-06,Men's Street Footwear,1345.0
523,2021-06-07,Men's Street Footwear,3720.0
524,2021-06-08,Men's Street Footwear,2107.0
525,2021-06-09,Men's Street Footwear,2550.0
526,2021-06-10,Men's Street Footwear,1760.0
527,2021-06-11,Men's Street Footwear,1715.0
528,2021-06-12,Men's Street Footwear,1494.0
529,2021-06-13,Men's Street Footwear,1054.0
530,2021-06-14,Men's Street Footwear,1257.0
531,2021-06-15,Men's Street Footwear,1765.0
532,2021-06-16,Men's Street Footwear,3579.011050930563
533,2021-06-17,Men's Street Footwear,4430.0
534,2021-06-18,Men's Street Footwear,2563.0
535,2021-06-19,Men's Street Footwear,1060.0
536,2021-06-20,Men's Street Footwear,520.0
537,2021-06-21,Men's Street Footwear,2062.0
538,2021-06-22,Men's Street Footwear,2131.0
539,2021-06-23,Men's Street Footwear,975.0
540,2021-06-24,Men's Street Footwear,3110.0
541,2021-06-25,Men's Street Footwear,3278.915533392649
542,2021-06-26,Men's Street Footwear,1842.0
543,2021-06-27,Men's Street Footwear,924.1373808609595
544,2021-06-28,Men's Street Footwear,659.4201279822023
545,2021-06-29,Men's Street Footwear,684.2428111123437
546,2021-06-30,Men's Street Footwear,635.0
547,2021-07-01,Men's Street Footwear,625.0
548,2021-07-02,Men's Street Footwear,1763.0
549,2021-07-03,Men's Street Footwear,2516.5741018243825
550,2021-07-04,Men's Street Footwear,2564.0
551,2021-07-05,Men's Street Footwear,2018.0
552,2021-07-06,Men's Street Footwear,1323.0
553,2021-07-07,Men's Street Footwear,2391.6367990712347
554,2021-07-08,Men's Street Footwear,2642.0
555,2021-07-09,Men's Street Footwear,608.0
556,2021-07-10,Men's Street Footwear,1219.0
557,2021-07-11,Men's Street Footwear,1058.0
558,2021-07-12,Men's Street Footwear,1607.4312932476148
559,2021-07-13,Men's Street Footwear,1787.0
560,2021-07-14,Men's Street Footwear,419.0
561,2021-07-15,Men's Street Footwear,1125.0
562,2021-07-16,Men's Street Footwear,5126.0
563,2021-07-17,Men's Street Footwear,2073.0
564,2021-07-18,Men's Street Footwear,635.0
565,2021-07-19,Men's Street Footwear,2399.0
566,2021-07-20,Men's Street Footwear,1897.0
567,2021-07-21,Men's Street Footwear,768.0
568,2021-07-22,Men's Street Footwear,1087.0
569,2021-07-23,Men's Street Footwear,2780.0
570,2021-07-24,Men's Street Footwear,540.0
571,2021-07-25,Men's Street Footwear,1201.0
572,2021-07-26,Men's Street Footwear,567.0
573,2021-07-27,Men's Street Footwear,1152.7138437247072
574,2021-07-28,Men's Street Footwear,1299.9932866173124
575,2021-07-29,Men's Street Footwear,1232.2790009030266
576,2021-07-30,Men's Street Footwear,512.0
577,2021-07-31,Men's Street Footwear,1381.996906072951
578,2021-08-01,Men's Street Footwear,2117.9561002482346
579,2021-08-02,Men's Street Footwear,2306.0
580,2021-08-03,Men's Street Footwear,1751.0
581,2021-08-04,Men's Street Footwear,1105.4375922365334
582,2021-08-05,Men's Street Footwear,1131.0
583,2021-08-06,Men's Street Footwear,2100.0
584,2021-08-07,Men's Street Footwear,2419.0
585,2021-08-08,Men's Street Footwear,1193.0
586,2021-08-09,Men's Street Footwear,1088.0
587,2021-08-10,Men's Street Footwear,1126.0
588,2021-08-11,Men's Street Footwear,1127.1034698956496
589,2021-08-12,Men's Street Footwear,1770.0
590,2021-08-13,Men's Street Footwear,2887.0
591,2021-08-14,Men's Street Footwear,1745.0
592,2021-08-15,Men's Street Footwear,2060.122607766183
593,2021-08-16,Men's Street Footwear,1138.0
594,2021-08-17,Men's Street Footwear,5711.0
595,2021-08-18,Men's Street Footwear,1977.0
596,2021-08-19,Men's Street Footwear,1060.0
597,2021-08-20,Men's Street Footwear,2287.0
598,2021-08-21,Men's Street Footwear,1448.0
599,2021-08-22,Men's Street Footwear,742.0
600,2021-08-23,Men's Street Footwear,2042.0
601,2021-08-24,Men's Street Footwear,2568.0
602,2021-08-25,Men's Street Footwear,1127.0
603,2021-08-26,Men's Street Footwear,1099.0
604,2021-08-27,Men's Street Footwear,1454.842341085145
605,2021-08-28,Men's Street Footwear,1521.7297326635469
606,2021-08-29,Men's Street Footwear,1113.0
607,2021-08-30,Men's Street Footwear,423.98591048351926
608,2021-08-31,Men's Street Footwear,1178.0
609,2021-09-01,Men's Street Footwear,2981.0
610,2021-09-02,Men's Street Footwear,677.0
611,2021-09-03,Men's Street Footwear,2307.0
612,2021-09-04,Men's Street Footwear,2884.0
613,2021-09-05,Men's Street Footwear,2076.0
614,2021-09-06,Men's Street Footwear,625.0
615,2021-09-07,Men's Street Footwear,2859.0
616,2021-09-08,Men's Street Footwear,1847.0
617,2021-09-09,Men's Street Footwear,1000.0
618,2021-09-10,Men's Street Footwear,516.0
619,2021-09-11,Men's Street Footwear,2224.0
620,2021-09-12,Men's Street Footwear,3475.0
621,2021-09-13,Men's Street Footwear,2018.0
622,2021-09-14,Men's Street Footwear,984.0
623,2021-09-15,Men's Street Footwear,1032.0
624,2021-09-16,Men's Street Footwear,2472.0
625,2021-09-17,Men's Street Footwear,897.0
626,2021-09-18,Men's Street Footwear,3325.0
627,2021-09-19,Men's Street Footwear,2748.0
628,2021-09-20,Men's Street Footwear,1209.0
629,2021-09-21,Men's Street Footwear,1166.7408478448815
630,2021-09-22,Men's Street Footwear,1256.0
631,2021-09-23,Men's Street Footwear,662.0
632,2021-09-24,Men's Street Footwear,1766.0
633,2021-09-25,Men's Street Footwear,1433.0
634,2021-09-26,Men's Street Footwear,978.6981554043047
635,2021-09-27,Men's Street Footwear,994.0
636,2021-09-28,Men's Street Footwear,1138.0
637,2021-09-29,Men's Street Footwear,579.0202360583162
638,2021-09-30,Men's Street Footwear,982.0
639,2021-10-01,Men's Street Footwear,2899.0
640,2021-10-02,Men's Street Footwear,2750.0
641,2021-10-03,Men's Street Footwear,3914.0
642,2021-10-04,Men's Street Footwear,2198.0
643,2021-10-05,Men's Street Footwear,2591.0
644,2021-10-06,Men's Street Footwear,2803.0
645,2021-10-07,Men's Street Footwear,3441.0
646,2021-10-08,Men's Street Footwear,2740.0
647,2021-10-09,Men's Street Footwear,3737.0
648,2021-10-10,Men's Street Footwear,3254.0
649,2021-10-11,Men's Street Footwear,2075.0
650,2021-10-12,Men's Street Footwear,3112.0
651,2021-10-13,Men's Street Footwear,829.0
652,2021-10-14,Men's Street Footwear,645.0
653,2021-10-15,Men's Street Footwear,1255.0
654,2021-10-16,Men's Street Footwear,1329.0
655,2021-10-17,Men's Street Footwear,2791.0
656,2021-10-18,Men's Street Footwear,2363.0
657,2021-10-19,Men's Street Footwear,1276.0
658,2021-10-20,Men's Street Footwear,1064.4705344115962
659,2021-10-21,Men's Street Footwear,1765.0
660,2021-10-22,Men's Street Footwear,2291.0
661,2021-10-23,Men's Street Footwear,805.0
662,2021-10-24,Men's Street Footwear,1739.0
663,2021-10-25,Men's Street Footwear,1726.702391946933
664,2021-10-26,Men's Street Footwear,886.0
665,2021-10-27,Men's Street Footwear,589.332639190462
666,2021-10-28,Men's Street Footwear,760.0
667,2021-10-29,Men's Street Footwear,937.0920512912194
668,2021-10-30,Men's Street Footwear,572.0
669,2021-10-31,Men's Street Footwear,1295.7138544979648
670,2021-11-01,Men's Street Footwear,871.0
671,2021-11-02,Men's Street Footwear,3589.0
672,2021-11-03,Men's Street Footwear,619.0
673,2021-11-04,Men's Street Footwear,2838.0
674,2021-11-05,Men's Street Footwear,1392.0
675,2021-11-06,Men's Street Footwear,2072.0
676,2021-11-07,Men's Street Footwear,704.0
677,2021-11-08,Men's Street Footwear,4261.0
678,2021-11-09,Men's Street Footwear,1307.0
679,2021-11-10,Men's Street Footwear,1884.0
680,2021-11-11,Men's Street Footwear,3231.0
681,2021-11-12,Men's Street Footwear,640.0
682,2021-11-13,Men's Street Footwear,1407.0
683,2021-11-14,Men's Street Footwear,1193.0
684,2021-11-15,Men's Street Footwear,756.0
685,2021-11-16,Men's Street Footwear,871.0
686,2021-11-17,Men's Street Footwear,4268.0
687,2021-11-18,Men's Street Footwear,1839.0
688,2021-11-19,Men's Street Footwear,805.4331765733994
689,2021-11-20,Men's Street Footwear,1643.0
690,2021-11-21,Men's Street Footwear,1791.0
691,2021-11-22,Men's Street Footwear,548.0
692,2021-11-23,Men's Street Footwear,785.0
693,2021-11-24,Men's Street Footwear,1841.0
694,2021-11-25,Men's Street Footwear,1636.4278137161727
695,2021-11-26,Men's Street Footwear,886.0
696,2021-11-27,Men's Street Footwear,820.0
697,2021-11-28,Men's Street Footwear,1573.9275565871997
698,2021-11-29,Men's Street Footwear,2671.335245693808
699,2021-11-30,Men's Street Footwear,3545.575311953511
700,2021-12-01,Men's Street Footwear,3630.0
701,2021-12-02,Men's Street Footwear,2697.0
702,2021-12-03,Men's Street Footwear,1523.0
703,2021-12-04,Men's Street Footwear,563.0
704,2021-12-05,Men's Street Footwear,1785.0
705,2021-12-06,Men's Street Footwear,3379.0
706,2021-12-07,Men's Street Footwear,2695.0
707,2021-12-08,Men's Street Footwear,656.0
708,2021-12-09,Men's Street Footwear,2970.0
709,2021-12-10,Men's Street Footwear,2953.0
710,2021-12-11,Men's Street Footwear,504.0
711,2021-12-12,Men's Street Footwear,1837.0
712,2021-12-13,Men's Street Footwear,1671.0
713,2021-12-14,Men's Street Footwear,679.9067713641662
714,2021-12-15,Men's Street Footwear,1733.0
715,2021-12-16,Men's Street Footwear,4659.0
716,2021-12-17,Men's Street Footwear,2420.0
717,2021-12-18,Men's Street Footwear,1814.5534240596592
718,2021-12-19,Men's Street Footwear,2135.0
719,2021-12-20,Men's Street Footwear,1346.0
720,2021-12-21,Men's Street Footwear,1967.0
721,2021-12-22,Men's Street Footwear,1000.0
722,2021-12-23,Men's Street Footwear,2386.0
723,2021-12-24,Men's Street Footwear,2438.0017889414694
724,2021-12-25,Men's Street Footwear,1148.0
725,2021-12-26,Men's Street Footwear,208.99821105852993
726,2021-12-27,Men's Street Footwear,1314.0
727,2021-12-28,Men's Street Footwear,1499.0
728,2021-12-29,Men's Street Footwear,1277.25
729,2021-12-30,Men's Street Footwear,890.3327370195102
730,2021-12-31,Men's Street Footwear,761.4991055292653
367,2021-01-02,Men's Athletic Footwear,443.0
368,2021-01-03,Men's Athletic Footwear,378.0
369,2021-01-04,Men's Athletic Footwear,539.15012308754
370,2021-01-05,Men's Athletic Footwear,700.8625923156551
371,2021-01-06,Men's Athletic Footwear,443.0
372,2021-01-07,Men's Athletic Footwear,313.0
373,2021-01-08,Men's Athletic Footwear,861.4503692626201
374,2021-01-09,Men's Athletic Footwear,1186.0
375,2021-01-10,Men's Athletic Footwear,994.0
376,2021-01-11,Men's Athletic Footwear,1750.643273472399
377,2021-01-12,Men's Athletic Footwear,2806.95667667884
378,2021-01-13,Men's Athletic Footwear,2833.0
379,2021-01-14,Men's Athletic Footwear,1282.0
380,2021-01-15,Men's Athletic Footwear,295.6493628002919
381,2021-01-16,Men's Athletic Footwear,1022.0
382,2021-01-17,Men's Athletic Footwear,2359.0
383,2021-01-18,Men's Athletic Footwear,548.0
384,2021-01-19,Men's Athletic Footwear,2353.0
385,2021-01-20,Men's Athletic Footwear,667.0
386,2021-01-21,Men's Athletic Footwear,527.0
387,2021-01-22,Men's Athletic Footwear,909.0
388,2021-01-23,Men's Athletic Footwear,1995.0
389,2021-01-24,Men's Athletic Footwear,1803.0
390,2021-01-25,Men's Athletic Footwear,1480.0
391,2021-01-26,Men's Athletic Footwear,760.0
392,2021-01-27,Men's Athletic Footwear,485.2616096880194
393,2021-01-28,Men's Athletic Footwear,672.0
394,2021-01-29,Men's Athletic Footwear,1013.5740908308024
395,2021-01-30,Men's Athletic Footwear,1306.7157306333304
396,2021-01-31,Men's Athletic Footwear,1374.0
397,2021-02-01,Men's Athletic Footwear,1131.4294094710401
398,2021-02-02,Men's Athletic Footwear,868.7161893779394
399,2021-02-03,Men's Athletic Footwear,969.0
400,2021-02-04,Men's Athletic Footwear,1612.4058323031725
401,2021-02-05,Men's Athletic Footwear,2167.0
402,2021-02-06,Men's Athletic Footwear,2015.4641575932508
403,2021-02-07,Men's Athletic Footwear,1411.0
404,2021-02-08,Men's Athletic Footwear,871.0
405,2021-02-09,Men's Athletic Footwear,906.0
406,2021-02-10,Men's Athletic Footwear,1296.7504252821354
407,2021-02-11,Men's Athletic Footwear,1615.112482734729
408,2021-02-12,Men's Athletic Footwear,1429.0
409,2021-02-13,Men's Athletic Footwear,636.0
410,2021-02-14,Men's Athletic Footwear,390.0
411,2021-02-15,Men's Athletic Footwear,1286.0
412,2021-02-16,Men's Athletic Footwear,1847.444671410662
413,2021-02-17,Men's Athletic Footwear,2146.0
414,2021-02-18,Men's Athletic Footwear,2070.0
415,2021-02-19,Men's Athletic Footwear,410.0
416,2021-02-20,Men's Athletic Footwear,786.013969113479
417,2021-02-21,Men's Athletic Footwear,1715.0
418,2021-02-22,Men's Athletic Footwear,1065.0
419,2021-02-23,Men's Athletic Footwear,616.0
420,2021-02-24,Men's Athletic Footwear,1019.0
421,2021-02-25,Men's Athletic Footwear,916.1055158487492
422,2021-02-26,Men's Athletic Footwear,667.0
423,2021-02-27,Men's Athletic Footwear,748.0
424,2021-02-28,Men's Athletic Footwear,360.7866321469662
425,2021-03-01,Men's Athletic Footwear,320.0
426,2021-03-02,Men's Athletic Footwear,945.0
427,2021-03-03,Men's Athletic Footwear,349.0
428,2021-03-04,Men's Athletic Footwear,919.0
429,2021-03-05,Men's Athletic Footwear,406.0
430,2021-03-06,Men's Athletic Footwear,516.0
431,2021-03-07,Men's Athletic Footwear,987.0
432,2021-03-08,Men's Athletic Footwear,1384.0
433,2021-03-09,Men's Athletic Footwear,468.0
434,2021-03-10,Men's Athletic Footwear,293.0
435,2021-03-11,Men's Athletic Footwear,1223.0
436,2021-03-12,Men's Athletic Footwear,607.0
437,2021-03-13,Men's Athletic Footwear,601.0
438,2021-03-14,Men's Athletic Footwear,1060.0
439,2021-03-15,Men's Athletic Footwear,576.0
440,2021-03-16,Men's Athletic Footwear,2192.0
441,2021-03-17,Men's Athletic Footwear,1844.0
442,2021-03-18,Men's Athletic Footwear,942.8566734973842
443,2021-03-19,Men's Athletic Footwear,931.0
444,2021-03-20,Men's Athletic Footwear,1577.0
445,2021-03-21,Men's Athletic Footwear,284.0
446,2021-03-22,Men's Athletic Footwear,561.0
447,2021-03-23,Men's Athletic Footwear,2024.0
448,2021-03-24,Men's Athletic Footwear,1760.3549435158575
449,2021-03-25,Men's Athletic Footwear,648.0
450,2021-03-26,Men's Athletic Footwear,247.00262109591148
451,2021-03-27,Men's Athletic Footwear,493.9002231298846
452,2021-03-28,Men's Athletic Footwear,919.3477135989156
453,2021-03-29,Men's Athletic Footwear,1054.0
454,2021-03-30,Men's Athletic Footwear,633.2625561351142
455,2021-03-31,Men's Athletic Footwear,211.54312102615512
456,2021-04-01,Men's Athletic Footwear,548.0
457,2021-04-02,Men's Athletic Footwear,1767.0
458,2021-04-03,Men's Athletic Footwear,2075.163794643911
459,2021-04-04,Men's Athletic Footwear,1530.0
460,2021-04-05,Men's Athletic Footwear,1153.0
461,2021-04-06,Men's Athletic Footwear,2083.0
462,2021-04-07,Men's Athletic Footwear,1807.9992892640212
463,2021-04-08,Men's Athletic Footwear,636.0
464,2021-04-09,Men's Athletic Footwear,315.0
465,2021-04-10,Men's Athletic Footwear,1834.0
466,2021-04-11,Men's Athletic Footwear,730.0
467,2021-04-12,Men's Athletic Footwear,1701.0
468,2021-04-13,Men's Athletic Footwear,782.0
469,2021-04-14,Men's Athletic Footwear,1572.0
470,2021-04-15,Men's Athletic Footwear,1847.7217510538953
471,2021-04-16,Men's Athletic Footwear,1831.0
472,2021-04-17,Men's Athletic Footwear,1998.0
473,2021-04-18,Men's Athletic Footwear,750.0
474,2021-04-19,Men's Athletic Footwear,1567.8860108311762
475,2021-04-20,Men's Athletic Footwear,2052.0
476,2021-04-21,Men's Athletic Footwear,442.0
477,2021-04-22,Men's Athletic Footwear,1503.0
478,2021-04-23,Men's Athletic Footwear,480.0
479,2021-04-24,Men's Athletic Footwear,875.0
480,2021-04-25,Men's Athletic Footwear,1631.5689309326037
481,2021-04-26,Men's Athletic Footwear,1845.0
482,2021-04-27,Men's Athletic Footwear,1400.4596555317007
483,2021-04-28,Men's Athletic Footwear,1007.0
484,2021-04-29,Men's Athletic Footwear,1275.8171298905036
485,2021-04-30,Men's Athletic Footwear,1602.7974635992769
486,2021-05-01,Men's Athletic Footwear,1080.0
487,2021-05-02,Men's Athletic Footwear,254.0
488,2021-05-03,Men's Athletic Footwear,1989.0
489,2021-05-04,Men's Athletic Footwear,1060.0
490,2021-05-05,Men's Athletic Footwear,2106.0
491,2021-05-06,Men's Athletic Footwear,593.0
492,2021-05-07,Men's Athletic Footwear,1557.0
493,2021-05-08,Men's Athletic Footwear,3206.1633275366494
494,2021-05-09,Men's Athletic Footwear,3297.0
495,2021-05-10,Men's Athletic Footwear,1454.0
496,2021-05-11,Men's Athletic Footwear,1087.0
497,2021-05-12,Men's Athletic Footwear,1510.0
498,2021-05-13,Men's Athletic Footwear,926.0
499,2021-05-14,Men's Athletic Footwear,1940.0
500,2021-05-15,Men's Athletic Footwear,650.0
501,2021-05-16,Men's Athletic Footwear,2025.0
502,2021-05-17,Men's Athletic Footwear,480.0
503,2021-05-18,Men's Athletic Footwear,1700.0
504,2021-05-19,Men's Athletic Footwear,1497.0
505,2021-05-20,Men's Athletic Footwear,1873.0
506,2021-05-21,Men's Athletic Footwear,1277.0060334217333
507,2021-05-22,Men's Athletic Footwear,351.0
508,2021-05-23,Men's Athletic Footwear,293.0
509,2021-05-24,Men's Athletic Footwear,604.0
510,2021-05-25,Men's Athletic Footwear,1117.0
511,2021-05-26,Men's Athletic Footwear,1431.0
512,2021-05-27,Men's Athletic Footwear,672.0
513,2021-05-28,Men's Athletic Footwear,163.0
514,2021-05-29,Men's Athletic Footwear,90.10989017499132
515,2021-05-30,Men's Athletic Footwear,311.9311482194471
516,2021-05-31,Men's Athletic Footwear,725.0368321541793
517,2021-06-01,Men's Athletic Footwear,1226.0
518,2021-06-02,Men's Athletic Footwear,1612.0
519,2021-06-03,Men's Athletic Footwear,1479.0
520,2021-06-04,Men's Athletic Footwear,1081.0
521,2021-06-05,Men's Athletic Footwear,575.0
522,2021-06-06,Men's Athletic Footwear,352.0
523,2021-06-07,Men's Athletic Footwear,2241.0
524,2021-06-08,Men's Athletic Footwear,1896.0
525,2021-06-09,Men's Athletic Footwear,707.0
526,2021-06-10,Men's Athletic Footwear,325.0
527,2021-06-11,Men's Athletic Footwear,1545.0
528,2021-06-12,Men's Athletic Footwear,935.0
529,2021-06-13,Men's Athletic Footwear,1095.0
530,2021-06-14,Men's Athletic Footwear,419.0
531,2021-06-15,Men's Athletic Footwear,1211.0
532,2021-06-16,Men's Athletic Footwear,3171.8937291384973
533,2021-06-17,Men's Athletic Footwear,3547.0
534,2021-06-18,Men's Athletic Footwear,1216.0
535,2021-06-19,Men's Athletic Footwear,882.0
536,2021-06-20,Men's Athletic Footwear,1228.6003190898773
537,2021-06-21,Men's Athletic Footwear,1436.0
538,2021-06-22,Men's Athletic Footwear,1189.0
539,2021-06-23,Men's Athletic Footwear,756.0
540,2021-06-24,Men's Athletic Footwear,2068.0
541,2021-06-25,Men's Athletic Footwear,254.0
542,2021-06-26,Men's Athletic Footwear,891.0
543,2021-06-27,Men's Athletic Footwear,381.0
544,2021-06-28,Men's Athletic Footwear,248.75036802342527
545,2021-06-29,Men's Athletic Footwear,825.1963142532085
546,2021-06-30,Men's Athletic Footwear,1513.2941033563868
547,2021-07-01,Men's Athletic Footwear,1716.0
548,2021-07-02,Men's Athletic Footwear,1190.0
549,2021-07-03,Men's Athletic Footwear,785.8950584099313
550,2021-07-04,Men's Athletic Footwear,424.0
551,2021-07-05,Men's Athletic Footwear,288.0
552,2021-07-06,Men's Athletic Footwear,1226.0
553,2021-07-07,Men's Athletic Footwear,406.0
554,2021-07-08,Men's Athletic Footwear,1003.0
555,2021-07-09,Men's Athletic Footwear,1656.0
556,2021-07-10,Men's Athletic Footwear,2256.0
557,2021-07-11,Men's Athletic Footwear,717.0
558,2021-07-12,Men's Athletic Footwear,929.1010149859358
559,2021-07-13,Men's Athletic Footwear,1523.0
560,2021-07-14,Men's Athletic Footwear,514.9355910763466
561,2021-07-15,Men's Athletic Footwear,1030.0
562,2021-07-16,Men's Athletic Footwear,3903.0
563,2021-07-17,Men's Athletic Footwear,1360.0
564,2021-07-18,Men's Athletic Footwear,1082.0070988451193
565,2021-07-19,Men's Athletic Footwear,1921.0
566,2021-07-20,Men's Athletic Footwear,883.0
567,2021-07-21,Men's Athletic Footwear,636.0
568,2021-07-22,Men's Athletic Footwear,830.0
569,2021-07-23,Men's Athletic Footwear,2240.0
570,2021-07-24,Men's Athletic Footwear,2263.947478783652
571,2021-07-25,Men's Athletic Footwear,1315.0
572,2021-07-26,Men's Athletic Footwear,623.9324089586428
573,2021-07-27,Men's Athletic Footwear,313.0
574,2021-07-28,Men's Athletic Footwear,235.79489351977338
575,2021-07-29,Men's Athletic Footwear,279.776065103973
576,2021-07-30,Men's Athletic Footwear,340.8692041361861
577,2021-07-31,Men's Athletic Footwear,315.0
578,2021-08-01,Men's Athletic Footwear,203.58447710940433
579,2021-08-02,Men's Athletic Footwear,430.0
580,2021-08-03,Men's Athletic Footwear,973.0
581,2021-08-04,Men's Athletic Footwear,966.0
582,2021-08-05,Men's Athletic Footwear,2097.0
583,2021-08-06,Men's Athletic Footwear,950.0
584,2021-08-07,Men's Athletic Footwear,1280.0
585,2021-08-08,Men's Athletic Footwear,2166.0
586,2021-08-09,Men's Athletic Footwear,813.0
587,2021-08-10,Men's Athletic Footwear,637.0
588,2021-08-11,Men's Athletic Footwear,966.4194687085792
589,2021-08-12,Men's Athletic Footwear,1219.0
590,2021-08-13,Men's Athletic Footwear,1536.0
591,2021-08-14,Men's Athletic Footwear,2110.0
592,2021-08-15,Men's Athletic Footwear,728.9488594164726
593,2021-08-16,Men's Athletic Footwear,845.0
594,2021-08-17,Men's Athletic Footwear,3979.0
595,2021-08-18,Men's Athletic Footwear,2366.0
596,2021-08-19,Men's Athletic Footwear,2271.546685136017
597,2021-08-20,Men's Athletic Footwear,2584.0
598,2021-08-21,Men's Athletic Footwear,889.0
599,2021-08-22,Men's Athletic Footwear,441.0
600,2021-08-23,Men's Athletic Footwear,926.0
601,2021-08-24,Men's Athletic Footwear,3561.0
602,2021-08-25,Men's Athletic Footwear,3735.1101314501893
603,2021-08-26,Men's Athletic Footwear,2166.0
604,2021-08-27,Men's Athletic Footwear,1007.7014897502191
605,2021-08-28,Men's Athletic Footwear,554.8833459642516
606,2021-08-29,Men's Athletic Footwear,637.3735291961582
607,2021-08-30,Men's Athletic Footwear,1085.0
608,2021-08-31,Men's Athletic Footwear,1632.7190131123714
609,2021-09-01,Men's Athletic Footwear,1636.0
610,2021-09-02,Men's Athletic Footwear,1039.0
611,2021-09-03,Men's Athletic Footwear,1303.0
612,2021-09-04,Men's Athletic Footwear,866.0
613,2021-09-05,Men's Athletic Footwear,635.0
614,2021-09-06,Men's Athletic Footwear,413.0
615,2021-09-07,Men's Athletic Footwear,2317.0
616,2021-09-08,Men's Athletic Footwear,1300.0
617,2021-09-09,Men's Athletic Footwear,748.0
618,2021-09-10,Men's Athletic Footwear,323.0
619,2021-09-11,Men's Athletic Footwear,1085.0
620,2021-09-12,Men's Athletic Footwear,2196.0
621,2021-09-13,Men's Athletic Footwear,2359.0
622,2021-09-14,Men's Athletic Footwear,954.0
623,2021-09-15,Men's Athletic Footwear,774.0
624,2021-09-16,Men's Athletic Footwear,830.0
625,2021-09-17,Men's Athletic Footwear,1865.0
626,2021-09-18,Men's Athletic Footwear,2026.0
627,2021-09-19,Men's Athletic Footwear,2704.0
628,2021-09-20,Men's Athletic Footwear,704.0
629,2021-09-21,Men's Athletic Footwear,304.8252154984934
630,2021-09-22,Men's Athletic Footwear,1311.2502932701784
631,2021-09-23,Men's Athletic Footwear,1683.0
632,2021-09-24,Men's Athletic Footwear,937.0
633,2021-09-25,Men's Athletic Footwear,2302.0
634,2021-09-26,Men's Athletic Footwear,2152.138649508583
635,2021-09-27,Men's Athletic Footwear,969.0
636,2021-09-28,Men's Athletic Footwear,515.3178454769932
637,2021-09-29,Men's Athletic Footwear,1054.0
638,2021-09-30,Men's Athletic Footwear,2216.0899685834443
639,2021-10-01,Men's Athletic Footwear,2605.0
640,2021-10-02,Men's Athletic Footwear,1578.0
641,2021-10-03,Men's Athletic Footwear,1613.0
642,2021-10-04,Men's Athletic Footwear,2388.0
643,2021-10-05,Men's Athletic Footwear,2467.0
644,2021-10-06,Men's Athletic Footwear,1975.0
645,2021-10-07,Men's Athletic Footwear,2365.0
646,2021-10-08,Men's Athletic Footwear,2175.0
647,2021-10-09,Men's Athletic Footwear,1618.0
648,2021-10-10,Men's Athletic Footwear,1709.0
649,2021-10-11,Men's Athletic Footwear,2077.0
650,2021-10-12,Men's Athletic Footwear,2661.0
651,2021-10-13,Men's Athletic Footwear,1253.0
652,2021-10-14,Men's Athletic Footwear,410.0
653,2021-10-15,Men's Athletic Footwear,739.0
654,2021-10-16,Men's Athletic Footwear,3297.4788161846873
655,2021-10-17,Men's Athletic Footwear,4224.0
656,2021-10-18,Men's Athletic Footwear,1251.0
657,2021-10-19,Men's Athletic Footwear,962.0
658,2021-10-20,Men's Athletic Footwear,1274.9413007914563
659,2021-10-21,Men's Athletic Footwear,1213.0
660,2021-10-22,Men's Athletic Footwear,968.0
661,2021-10-23,Men's Athletic Footwear,1181.0
662,2021-10-24,Men's Athletic Footwear,1686.0
663,2021-10-25,Men's Athletic Footwear,221.0
664,2021-10-26,Men's Athletic Footwear,881.0
665,2021-10-27,Men's Athletic Footwear,1223.7136266995703
666,2021-10-28,Men's Athletic Footwear,778.4523773994875
667,2021-10-29,Men's Athletic Footwear,204.0
668,2021-10-30,Men's Athletic Footwear,20.55813583838068
669,2021-10-31,Men's Athletic Footwear,194.0
670,2021-11-01,Men's Athletic Footwear,608.0
671,2021-11-02,Men's Athletic Footwear,1094.0
672,2021-11-03,Men's Athletic Footwear,1132.0
673,2021-11-04,Men's Athletic Footwear,1519.0
674,2021-11-05,Men's Athletic Footwear,796.0
675,2021-11-06,Men's Athletic Footwear,1332.0
676,2021-11-07,Men's Athletic Footwear,381.0
677,2021-11-08,Men's Athletic Footwear,2303.0
678,2021-11-09,Men's Athletic Footwear,2328.0
679,2021-11-10,Men's Athletic Footwear,2481.0
680,2021-11-11,Men's Athletic Footwear,1890.0
681,2021-11-12,Men's Athletic Footwear,375.0
682,2021-11-13,Men's Athletic Footwear,1279.0
683,2021-11-14,Men's Athletic Footwear,902.0
684,2021-11-15,Men's Athletic Footwear,25.354971518657095
685,2021-11-16,Men's Athletic Footwear,927.0
686,2021-11-17,Men's Athletic Footwear,3405.0
687,2021-11-18,Men's Athletic Footwear,1611.0
688,2021-11-19,Men's Athletic Footwear,874.6813685036409
689,2021-11-20,Men's Athletic Footwear,1059.0
690,2021-11-21,Men's Athletic Footwear,607.0
691,2021-11-22,Men's Athletic Footwear,752.0
692,2021-11-23,Men's Athletic Footwear,835.0
693,2021-11-24,Men's Athletic Footwear,2087.0
694,2021-11-25,Men's Athletic Footwear,1907.5497435129453
695,2021-11-26,Men's Athletic Footwear,930.0
696,2021-11-27,Men's Athletic Footwear,555.1753706780426
697,2021-11-28,Men's Athletic Footwear,489.0
698,2021-11-29,Men's Athletic Footwear,252.58552035933982
699,2021-11-30,Men's Athletic Footwear,322.69397267563875
700,2021-12-01,Men's Athletic Footwear,1415.0
701,2021-12-02,Men's Athletic Footwear,2805.0
702,2021-12-03,Men's Athletic Footwear,873.0
703,2021-12-04,Men's Athletic Footwear,192.0
704,2021-12-05,Men's Athletic Footwear,956.0
705,2021-12-06,Men's Athletic Footwear,1724.0
706,2021-12-07,Men's Athletic Footwear,1465.0
707,2021-12-08,Men's Athletic Footwear,1299.0
708,2021-12-09,Men's Athletic Footwear,1171.0
709,2021-12-10,Men's Athletic Footwear,1573.0
710,2021-12-11,Men's Athletic Footwear,665.0
711,2021-12-12,Men's Athletic Footwear,1607.0
712,2021-12-13,Men's Athletic Footwear,1093.0
713,2021-12-14,Men's Athletic Footwear,1517.3065318046133
714,2021-12-15,Men's Athletic Footwear,826.0
715,2021-12-16,Men's Athletic Footwear,4392.0
716,2021-12-17,Men's Athletic Footwear,1580.0
717,2021-12-18,Men's Athletic Footwear,748.7587862415209
718,2021-12-19,Men's Athletic Footwear,1488.0
719,2021-12-20,Men's Athletic Footwear,827.0
720,2021-12-21,Men's Athletic Footwear,423.0
721,2021-12-22,Men's Athletic Footwear,1731.0
722,2021-12-23,Men's Athletic Footwear,2401.0
723,2021-12-24,Men's Athletic Footwear,2017.8764038414504
724,2021-12-25,Men's Athletic Footwear,1099.0
725,2021-12-26,Men's Athletic Footwear,206.48539423782307
726,2021-12-27,Men's Athletic Footwear,1367.3936330132121
727,2021-12-28,Men's Athletic Footwear,749.0
728,2021-12-29,Men's Athletic Footwear,1018.0904495198182
729,2021-12-30,Men's Athletic Footwear,684.8284647459408
730,2021-12-31,Men's Athletic Footwear,477.7426971189112
367,2021-01-02,Women's Street Footwear,1092.0
368,2021-01-03,Women's Street Footwear,1037.390918629599
369,2021-01-04,Women's Street Footwear,916.8954342295867
370,2021-01-05,Women's Street Footwear,753.911073483292
371,2021-01-06,Women's Street Footwear,571.8353630740436
372,2021-01-07,Women's Street Footwear,394.0658296851698
373,2021-01-08,Women's Street Footwear,244.0
374,2021-01-09,Women's Street Footwear,145.03540070186256
375,2021-01-10,Women's Street Footwear,120.5695584740863
376,2021-01-11,Women's Street Footwear,194.0
377,2021-01-12,Women's Street Footwear,479.9567718321557
378,2021-01-13,Women's Street Footwear,1458.0
379,2021-01-14,Women's Street Footwear,2622.0
380,2021-01-15,Women's Street Footwear,1080.4287706391988
381,2021-01-16,Women's Street Footwear,554.0
382,2021-01-17,Women's Street Footwear,2909.0
383,2021-01-18,Women's Street Footwear,548.0
384,2021-01-19,Women's Street Footwear,875.0
385,2021-01-20,Women's Street Footwear,1931.0
386,2021-01-21,Women's Street Footwear,507.0
387,2021-01-22,Women's Street Footwear,375.0
388,2021-01-23,Women's Street Footwear,2523.0
389,2021-01-24,Women's Street Footwear,1778.0
390,2021-01-25,Women's Street Footwear,1591.2957058141299
391,2021-01-26,Women's Street Footwear,2018.0
392,2021-01-27,Women's Street Footwear,1837.8974552754194
393,2021-01-28,Women's Street Footwear,1228.0879055426346
394,2021-01-29,Women's Street Footwear,715.0
395,2021-01-30,Women's Street Footwear,683.3085863459976
396,2021-01-31,Women's Street Footwear,950.6733062796229
397,2021-02-01,Women's Street Footwear,1193.0
398,2021-02-02,Women's Street Footwear,1184.1741740065636
399,2021-02-03,Women's Street Footwear,1090.0
400,2021-02-04,Women's Street Footwear,1060.9185709873723
401,2021-02-05,Women's Street Footwear,794.0
402,2021-02-06,Women's Street Footwear,452.0
403,2021-02-07,Women's Street Footwear,1461.0
404,2021-02-08,Women's Street Footwear,2141.4530176278954
405,2021-02-09,Women's Street Footwear,1867.0
406,2021-02-10,Women's Street Footwear,915.0
407,2021-02-11,Women's Street Footwear,675.3830514902097
408,2021-02-12,Women's Street Footwear,1330.0
409,2021-02-13,Women's Street Footwear,1888.0
410,2021-02-14,Women's Street Footwear,465.0
411,2021-02-15,Women's Street Footwear,674.0
412,2021-02-16,Women's Street Footwear,567.0
413,2021-02-17,Women's Street Footwear,2383.0
414,2021-02-18,Women's Street Footwear,1087.0
415,2021-02-19,Women's Street Footwear,486.0
416,2021-02-20,Women's Street Footwear,545.4287888594895
417,2021-02-21,Women's Street Footwear,1170.0
418,2021-02-22,Women's Street Footwear,1843.0
419,2021-02-23,Women's Street Footwear,604.0
420,2021-02-24,Women's Street Footwear,999.0
421,2021-02-25,Women's Street Footwear,1045.2663052681626
422,2021-02-26,Women's Street Footwear,668.0
423,2021-02-27,Women's Street Footwear,578.0979156566106
424,2021-02-28,Women's Street Footwear,548.0
425,2021-03-01,Women's Street Footwear,315.0
426,2021-03-02,Women's Street Footwear,260.0
427,2021-03-03,Women's Street Footwear,393.0
428,2021-03-04,Women's Street Footwear,910.0
429,2021-03-05,Women's Street Footwear,1607.0
430,2021-03-06,Women's Street Footwear,252.0
431,2021-03-07,Women's Street Footwear,517.0
432,2021-03-08,Women's Street Footwear,1829.0
433,2021-03-09,Women's Street Footwear,324.0
434,2021-03-10,Women's Street Footwear,158.0
435,2021-03-11,Women's Street Footwear,1076.0
436,2021-03-12,Women's Street Footwear,554.0
437,2021-03-13,Women's Street Footwear,654.0
438,2021-03-14,Women's Street Footwear,952.5373953556929
439,2021-03-15,Women's Street Footwear,1666.0
440,2021-03-16,Women's Street Footwear,2430.0
441,2021-03-17,Women's Street Footwear,925.0
442,2021-03-18,Women's Street Footwear,712.0
443,2021-03-19,Women's Street Footwear,988.0
444,2021-03-20,Women's Street Footwear,572.0
445,2021-03-21,Women's Street Footwear,1363.0
446,2021-03-22,Women's Street Footwear,560.0
447,2021-03-23,Women's Street Footwear,1103.0
448,2021-03-24,Women's Street Footwear,765.0
449,2021-03-25,Women's Street Footwear,636.0
450,2021-03-26,Women's Street Footwear,544.6331310491662
451,2021-03-27,Women's Street Footwear,397.45923559804584
452,2021-03-28,Women's Street Footwear,312.86877462234236
453,2021-03-29,Women's Street Footwear,409.2522090977593
454,2021-03-30,Women's Street Footwear,805.0
455,2021-03-31,Women's Street Footwear,1516.4902334520013
456,2021-04-01,Women's Street Footwear,2152.0514961656336
457,2021-04-02,Women's Street Footwear,2218.0
458,2021-04-03,Women's Street Footwear,1427.3615095057849
459,2021-04-04,Women's Street Footwear,320.0
460,2021-04-05,Women's Street Footwear,224.0
461,2021-04-06,Women's Street Footwear,1993.0
462,2021-04-07,Women's Street Footwear,252.0
463,2021-04-08,Women's Street Footwear,517.0
464,2021-04-09,Women's Street Footwear,194.0
465,2021-04-10,Women's Street Footwear,1560.0
466,2021-04-11,Women's Street Footwear,478.0
467,2021-04-12,Women's Street Footwear,1074.0
468,2021-04-13,Women's Street Footwear,842.0
469,2021-04-14,Women's Street Footwear,526.0
470,2021-04-15,Women's Street Footwear,1028.0
471,2021-04-16,Women's Street Footwear,585.0
472,2021-04-17,Women's Street Footwear,3730.0
473,2021-04-18,Women's Street Footwear,761.0
474,2021-04-19,Women's Street Footwear,1271.3333333333333
475,2021-04-20,Women's Street Footwear,834.0
476,2021-04-21,Women's Street Footwear,1630.0
477,2021-04-22,Women's Street Footwear,224.0
478,2021-04-23,Women's Street Footwear,2124.0
479,2021-04-24,Women's Street Footwear,1048.0
480,2021-04-25,Women's Street Footwear,298.75791715085046
481,2021-04-26,Women's Street Footwear,656.0
482,2021-04-27,Women's Street Footwear,1208.0
483,2021-04-28,Women's Street Footwear,1146.7238461130462
484,2021-04-29,Women's Street Footwear,1060.0
485,2021-04-30,Women's Street Footwear,1489.1251370471716
486,2021-05-01,Women's Street Footwear,1328.0
487,2021-05-02,Women's Street Footwear,315.0
488,2021-05-03,Women's Street Footwear,1196.0
489,2021-05-04,Women's Street Footwear,1759.0
490,2021-05-05,Women's Street Footwear,2696.0
491,2021-05-06,Women's Street Footwear,483.0
492,2021-05-07,Women's Street Footwear,1366.0
493,2021-05-08,Women's Street Footwear,2520.018352296278
494,2021-05-09,Women's Street Footwear,1981.0
495,2021-05-10,Women's Street Footwear,285.0
496,2021-05-11,Women's Street Footwear,1244.0
497,2021-05-12,Women's Street Footwear,1763.0
498,2021-05-13,Women's Street Footwear,951.0
499,2021-05-14,Women's Street Footwear,693.0
500,2021-05-15,Women's Street Footwear,1642.0
501,2021-05-16,Women's Street Footwear,680.0
502,2021-05-17,Women's Street Footwear,1644.0
503,2021-05-18,Women's Street Footwear,1676.0
504,2021-05-19,Women's Street Footwear,1382.0
505,2021-05-20,Women's Street Footwear,572.0
506,2021-05-21,Women's Street Footwear,1067.0
507,2021-05-22,Women's Street Footwear,1029.0415769431252
508,2021-05-23,Women's Street Footwear,622.0
509,2021-05-24,Women's Street Footwear,652.0
510,2021-05-25,Women's Street Footwear,1111.0
511,2021-05-26,Women's Street Footwear,1735.625587217018
512,2021-05-27,Women's Street Footwear,1824.0
513,2021-05-28,Women's Street Footwear,947.0571394062043
514,2021-05-29,Women's Street Footwear,222.0
515,2021-05-30,Women's Street Footwear,679.8638279329647
516,2021-05-31,Women's Street Footwear,1460.7437821983906
517,2021-06-01,Women's Street Footwear,1232.0
518,2021-06-02,Women's Street Footwear,256.0
519,2021-06-03,Women's Street Footwear,1872.0
520,2021-06-04,Women's Street Footwear,1085.0
521,2021-06-05,Women's Street Footwear,645.0
522,2021-06-06,Women's Street Footwear,250.0
523,2021-06-07,Women's Street Footwear,2218.0
524,2021-06-08,Women's Street Footwear,1342.0
525,2021-06-09,Women's Street Footwear,1428.0
526,2021-06-10,Women's Street Footwear,1098.0
527,2021-06-11,Women's Street Footwear,1174.0
528,2021-06-12,Women's Street Footwear,853.0
529,2021-06-13,Women's Street Footwear,825.0
530,2021-06-14,Women's Street Footwear,674.0
531,2021-06-15,Women's Street Footwear,803.0
532,2021-06-16,Women's Street Footwear,130.0
533,2021-06-17,Women's Street Footwear,3330.0
534,2021-06-18,Women's Street Footwear,1263.0
535,2021-06-19,Women's Street Footwear,547.0
536,2021-06-20,Women's Street Footwear,192.0
537,2021-06-21,Women's Street Footwear,1148.0
538,2021-06-22,Women's Street Footwear,1130.0
539,2021-06-23,Women's Street Footwear,760.0
540,2021-06-24,Women's Street Footwear,2100.0
541,2021-06-25,Women's Street Footwear,2061.497511357121
542,2021-06-26,Women's Street Footwear,1111.0
543,2021-06-27,Women's Street Footwear,622.8084226922786
544,2021-06-28,Women's Street Footwear,288.0
545,2021-06-29,Women's Street Footwear,1366.9041411953272
546,2021-06-30,Women's Street Footwear,1158.2791411953272
547,2021-07-01,Women's Street Footwear,390.0
548,2021-07-02,Women's Street Footwear,2422.0
549,2021-07-03,Women's Street Footwear,1939.9271955132185
550,2021-07-04,Women's Street Footwear,431.0
551,2021-07-05,Women's Street Footwear,254.0
552,2021-07-06,Women's Street Footwear,984.0
553,2021-07-07,Women's Street Footwear,1474.4934363607522
554,2021-07-08,Women's Street Footwear,1110.0
555,2021-07-09,Women's Street Footwear,224.0
556,2021-07-10,Women's Street Footwear,851.0
557,2021-07-11,Women's Street Footwear,912.0
558,2021-07-12,Women's Street Footwear,969.7203189939141
559,2021-07-13,Women's Street Footwear,892.0
560,2021-07-14,Women's Street Footwear,325.0
561,2021-07-15,Women's Street Footwear,748.0
562,2021-07-16,Women's Street Footwear,3555.0
563,2021-07-17,Women's Street Footwear,1165.0
564,2021-07-18,Women's Street Footwear,516.8804619146042
565,2021-07-19,Women's Street Footwear,1316.0
566,2021-07-20,Women's Street Footwear,972.0
567,2021-07-21,Women's Street Footwear,344.0
568,2021-07-22,Women's Street Footwear,885.0
569,2021-07-23,Women's Street Footwear,2074.0
570,2021-07-24,Women's Street Footwear,1881.4914540059135
571,2021-07-25,Women's Street Footwear,881.0
572,2021-07-26,Women's Street Footwear,189.0
573,2021-07-27,Women's Street Footwear,5.701612397819499
574,2021-07-28,Women's Street Footwear,260.0
575,2021-07-29,Women's Street Footwear,827.4343020274217
576,2021-07-30,Women's Street Footwear,1415.1851043491524
577,2021-07-31,Women's Street Footwear,1688.3433544963063
578,2021-08-01,Women's Street Footwear,1312.0
579,2021-08-02,Women's Street Footwear,565.0
580,2021-08-03,Women's Street Footwear,1017.0
581,2021-08-04,Women's Street Footwear,975.8221534236316
582,2021-08-05,Women's Street Footwear,710.0
583,2021-08-06,Women's Street Footwear,994.0
584,2021-08-07,Women's Street Footwear,1393.0
585,2021-08-08,Women's Street Footwear,1480.0
586,2021-08-09,Women's Street Footwear,2239.0
587,2021-08-10,Women's Street Footwear,1443.0
588,2021-08-11,Women's Street Footwear,758.1557523955611
589,2021-08-12,Women's Street Footwear,1111.0
590,2021-08-13,Women's Street Footwear,1935.0
591,2021-08-14,Women's Street Footwear,884.0
592,2021-08-15,Women's Street Footwear,711.0
593,2021-08-16,Women's Street Footwear,719.0
594,2021-08-17,Women's Street Footwear,3464.0
595,2021-08-18,Women's Street Footwear,1113.0
596,2021-08-19,Women's Street Footwear,737.0
597,2021-08-20,Women's Street Footwear,1312.0
598,2021-08-21,Women's Street Footwear,1458.0
599,2021-08-22,Women's Street Footwear,355.0
600,2021-08-23,Women's Street Footwear,716.0
601,2021-08-24,Women's Street Footwear,2114.0
602,2021-08-25,Women's Street Footwear,800.0
603,2021-08-26,Women's Street Footwear,830.0
604,2021-08-27,Women's Street Footwear,938.0
605,2021-08-28,Women's Street Footwear,568.4907213884453
606,2021-08-29,Women's Street Footwear,123.61886703254311
607,2021-08-30,Women's Street Footwear,65.4375791603693
608,2021-08-31,Women's Street Footwear,856.0
609,2021-09-01,Women's Street Footwear,1686.0
610,2021-09-02,Women's Street Footwear,293.0
611,2021-09-03,Women's Street Footwear,2528.0
612,2021-09-04,Women's Street Footwear,1874.0
613,2021-09-05,Women's Street Footwear,1724.0
614,2021-09-06,Women's Street Footwear,260.0
615,2021-09-07,Women's Street Footwear,1791.0
616,2021-09-08,Women's Street Footwear,1790.0
617,2021-09-09,Women's Street Footwear,613.0
618,2021-09-10,Women's Street Footwear,189.0
619,2021-09-11,Women's Street Footwear,940.0
620,2021-09-12,Women's Street Footwear,1826.0
621,2021-09-13,Women's Street Footwear,750.0
622,2021-09-14,Women's Street Footwear,2191.0
623,2021-09-15,Women's Street Footwear,645.0
624,2021-09-16,Women's Street Footwear,693.0
625,2021-09-17,Women's Street Footwear,403.0
626,2021-09-18,Women's Street Footwear,2814.0
627,2021-09-19,Women's Street Footwear,1371.0
628,2021-09-20,Women's Street Footwear,1471.0
629,2021-09-21,Women's Street Footwear,798.2709952385534
630,2021-09-22,Women's Street Footwear,1221.2523328042837
631,2021-09-23,Women's Street Footwear,290.0
632,2021-09-24,Women's Street Footwear,2278.0
633,2021-09-25,Women's Street Footwear,801.0
634,2021-09-26,Women's Street Footwear,765.0
635,2021-09-27,Women's Street Footwear,765.0
636,2021-09-28,Women's Street Footwear,627.2320279219588
637,2021-09-29,Women's Street Footwear,694.547325860018
638,2021-09-30,Women's Street Footwear,1182.0
639,2021-10-01,Women's Street Footwear,2058.0
640,2021-10-02,Women's Street Footwear,2400.0
641,2021-10-03,Women's Street Footwear,1788.0
642,2021-10-04,Women's Street Footwear,1224.0
643,2021-10-05,Women's Street Footwear,1342.0
644,2021-10-06,Women's Street Footwear,1876.0
645,2021-10-07,Women's Street Footwear,2151.0
646,2021-10-08,Women's Street Footwear,1768.0
647,2021-10-09,Women's Street Footwear,1241.0
648,2021-10-10,Women's Street Footwear,1237.0
649,2021-10-11,Women's Street Footwear,1460.0
650,2021-10-12,Women's Street Footwear,2050.0
651,2021-10-13,Women's Street Footwear,578.0
652,2021-10-14,Women's Street Footwear,656.0
653,2021-10-15,Women's Street Footwear,449.0
654,2021-10-16,Women's Street Footwear,1050.3011700845918
655,2021-10-17,Women's Street Footwear,2035.0
656,2021-10-18,Women's Street Footwear,2069.0
657,2021-10-19,Women's Street Footwear,470.0
658,2021-10-20,Women's Street Footwear,260.0
659,2021-10-21,Women's Street Footwear,832.0
660,2021-10-22,Women's Street Footwear,568.0
661,2021-10-23,Women's Street Footwear,527.0
662,2021-10-24,Women's Street Footwear,1467.0
663,2021-10-25,Women's Street Footwear,1497.597473755002
664,2021-10-26,Women's Street Footwear,852.0
665,2021-10-27,Women's Street Footwear,336.18948548934117
666,2021-10-28,Women's Street Footwear,87.75704016220038
667,2021-10-29,Women's Street Footwear,77.19607475395944
668,2021-10-30,Women's Street Footwear,275.0
669,2021-10-31,Women's Street Footwear,650.8277059611472
670,2021-11-01,Women's Street Footwear,1171.0
671,2021-11-02,Women's Street Footwear,1223.0
672,2021-11-03,Women's Street Footwear,284.0
673,2021-11-04,Women's Street Footwear,2560.0
674,2021-11-05,Women's Street Footwear,1732.0
675,2021-11-06,Women's Street Footwear,1335.0
676,2021-11-07,Women's Street Footwear,286.0
677,2021-11-08,Women's Street Footwear,1985.0
678,2021-11-09,Women's Street Footwear,704.0
679,2021-11-10,Women's Street Footwear,1008.0
680,2021-11-11,Women's Street Footwear,1968.0
681,2021-11-12,Women's Street Footwear,633.0
682,2021-11-13,Women's Street Footwear,1218.0
683,2021-11-14,Women's Street Footwear,875.0
684,2021-11-15,Women's Street Footwear,1183.3333333333333
685,2021-11-16,Women's Street Footwear,565.0
686,2021-11-17,Women's Street Footwear,2907.0
687,2021-11-18,Women's Street Footwear,1188.0
688,2021-11-19,Women's Street Footwear,288.0
689,2021-11-20,Women's Street Footwear,912.0
690,2021-11-21,Women's Street Footwear,631.0
691,2021-11-22,Women's Street Footwear,277.0
692,2021-11-23,Women's Street Footwear,877.0
693,2021-11-24,Women's Street Footwear,1511.0
694,2021-11-25,Women's Street Footwear,1329.2459293579575
695,2021-11-26,Women's Street Footwear,716.0
696,2021-11-27,Women's Street Footwear,247.7996086366581
697,2021-11-28,Women's Street Footwear,101.96214568765224
698,2021-11-29,Women's Street Footwear,356.0
699,2021-11-30,Women's Street Footwear,963.0816584461156
700,2021-12-01,Women's Street Footwear,1379.0
701,2021-12-02,Women's Street Footwear,1411.0
702,2021-12-03,Women's Street Footwear,1567.0
703,2021-12-04,Women's Street Footwear,195.0
704,2021-12-05,Women's Street Footwear,872.0
705,2021-12-06,Women's Street Footwear,1420.0
706,2021-12-07,Women's Street Footwear,1298.0
707,2021-12-08,Women's Street Footwear,290.0
708,2021-12-09,Women's Street Footwear,1912.0
709,2021-12-10,Women's Street Footwear,2191.0
710,2021-12-11,Women's Street Footwear,252.0
711,2021-12-12,Women's Street Footwear,1205.0
712,2021-12-13,Women's Street Footwear,1044.0
713,2021-12-14,Women's Street Footwear,61.21120288097882
714,2021-12-15,Women's Street Footwear,768.0
715,2021-12-16,Women's Street Footwear,3264.0
716,2021-12-17,Women's Street Footwear,1671.0
717,2021-12-18,Women's Street Footwear,1223.4738336862608
718,2021-12-19,Women's Street Footwear,1332.0
719,2021-12-20,Women's Street Footwear,290.0
720,2021-12-21,Women's Street Footwear,349.0
721,2021-12-22,Women's Street Footwear,684.0
722,2021-12-23,Women's Street Footwear,2386.0
723,2021-12-24,Women's Street Footwear,2421.064829493885
724,2021-12-25,Women's Street Footwear,780.0
725,2021-12-26,Women's Street Footwear,1196.1774715823142
726,2021-12-27,Women's Street Footwear,1365.612965898777
727,2021-12-28,Women's Street Footwear,1536.0162073734714
728,2021-12-29,Women's Street Footwear,557.0
729,2021-12-30,Women's Street Footwear,668.5000000000002
730,2021-12-31,Women's Street Footwear,557.0
367,2021-01-02,Women's Athletic Footwear,1010.5988639308114
368,2021-01-03,Women's Athletic Footwear,544.0
369,2021-01-04,Women's Athletic Footwear,1050.8046438030747
370,2021-01-05,Women's Athletic Footwear,1240.5966679279093
371,2021-01-06,Women's Athletic Footwear,1206.9941439922613
372,2021-01-07,Women's Athletic Footwear,1043.6151436138884
373,2021-01-08,Women's Athletic Footwear,844.0777384105486
374,2021-01-09,Women's Athletic Footwear,702.0
375,2021-01-10,Women's Athletic Footwear,711.0
376,2021-01-11,Women's Athletic Footwear,906.9681379304964
377,2021-01-12,Women's Athletic Footwear,1094.8841249201973
378,2021-01-13,Women's Athletic Footwear,1022.0
379,2021-01-14,Women's Athletic Footwear,853.0
380,2021-01-15,Women's Athletic Footwear,1190.0
381,2021-01-16,Women's Athletic Footwear,326.0
382,2021-01-17,Women's Athletic Footwear,1324.0
383,2021-01-18,Women's Athletic Footwear,730.0
384,2021-01-19,Women's Athletic Footwear,652.0
385,2021-01-20,Women's Athletic Footwear,476.0
386,2021-01-21,Women's Athletic Footwear,1474.0
387,2021-01-22,Women's Athletic Footwear,192.0
388,2021-01-23,Women's Athletic Footwear,1284.0
389,2021-01-24,Women's Athletic Footwear,1328.0
390,2021-01-25,Women's Athletic Footwear,679.0621244262717
391,2021-01-26,Women's Athletic Footwear,511.0
392,2021-01-27,Women's Athletic Footwear,1175.0
393,2021-01-28,Women's Athletic Footwear,1268.0885957963947
394,2021-01-29,Women's Athletic Footwear,860.2028555438129
395,2021-01-30,Women's Athletic Footwear,531.0
396,2021-01-31,Women's Athletic Footwear,685.6535110634921
397,2021-02-01,Women's Athletic Footwear,1031.4019151959935
398,2021-02-02,Women's Athletic Footwear,1101.0
399,2021-02-03,Women's Athletic Footwear,694.0
400,2021-02-04,Women's Athletic Footwear,494.7725272384744
401,2021-02-05,Women's Athletic Footwear,725.0
402,2021-02-06,Women's Athletic Footwear,1233.1104495803527
403,2021-02-07,Women's Athletic Footwear,1104.0
404,2021-02-08,Women's Athletic Footwear,228.0
405,2021-02-09,Women's Athletic Footwear,750.0
406,2021-02-10,Women's Athletic Footwear,259.0139925812654
407,2021-02-11,Women's Athletic Footwear,96.0
408,2021-02-12,Women's Athletic Footwear,1194.0
409,2021-02-13,Women's Athletic Footwear,393.0
410,2021-02-14,Women's Athletic Footwear,1432.0
411,2021-02-15,Women's Athletic Footwear,588.0
412,2021-02-16,Women's Athletic Footwear,1297.4333746526927
413,2021-02-17,Women's Athletic Footwear,2065.0
414,2021-02-18,Women's Athletic Footwear,834.0
415,2021-02-19,Women's Athletic Footwear,326.0
416,2021-02-20,Women's Athletic Footwear,553.830914909028
417,2021-02-21,Women's Athletic Footwear,680.0
418,2021-02-22,Women's Athletic Footwear,444.0
419,2021-02-23,Women's Athletic Footwear,836.0
420,2021-02-24,Women's Athletic Footwear,644.0
421,2021-02-25,Women's Athletic Footwear,359.97110258140856
422,2021-02-26,Women's Athletic Footwear,440.0
423,2021-02-27,Women's Athletic Footwear,995.8405180251964
424,2021-02-28,Women's Athletic Footwear,1482.0766661974567
425,2021-03-01,Women's Athletic Footwear,1189.0
426,2021-03-02,Women's Athletic Footwear,95.0
427,2021-03-03,Women's Athletic Footwear,164.0
428,2021-03-04,Women's Athletic Footwear,737.0
429,2021-03-05,Women's Athletic Footwear,362.0
430,2021-03-06,Women's Athletic Footwear,422.0
431,2021-03-07,Women's Athletic Footwear,671.0
432,2021-03-08,Women's Athletic Footwear,1107.0
433,2021-03-09,Women's Athletic Footwear,1269.0
434,2021-03-10,Women's Athletic Footwear,874.0
435,2021-03-11,Women's Athletic Footwear,1103.0
436,2021-03-12,Women's Athletic Footwear,483.0
437,2021-03-13,Women's Athletic Footwear,1271.0
438,2021-03-14,Women's Athletic Footwear,435.7494272938704
439,2021-03-15,Women's Athletic Footwear,416.0
440,2021-03-16,Women's Athletic Footwear,2530.0
441,2021-03-17,Women's Athletic Footwear,487.0
442,2021-03-18,Women's Athletic Footwear,401.3399850792381
443,2021-03-19,Women's Athletic Footwear,1164.0
444,2021-03-20,Women's Athletic Footwear,193.0
445,2021-03-21,Women's Athletic Footwear,127.0
446,2021-03-22,Women's Athletic Footwear,1241.0
447,2021-03-23,Women's Athletic Footwear,783.0
448,2021-03-24,Women's Athletic Footwear,700.5207461740624
449,2021-03-25,Women's Athletic Footwear,1046.0
450,2021-03-26,Women's Athletic Footwear,1149.950067355805
451,2021-03-27,Women's Athletic Footwear,993.5159212991566
452,2021-03-28,Women's Athletic Footwear,720.5007016826529
453,2021-03-29,Women's Athletic Footwear,474.70754835889284
454,2021-03-30,Women's Athletic Footwear,399.9396011804756
455,2021-03-31,Women's Athletic Footwear,640.0
456,2021-04-01,Women's Athletic Footwear,1167.0895852896563
457,2021-04-02,Women's Athletic Footwear,1267.0
458,2021-04-03,Women's Athletic Footwear,499.16550120575994
459,2021-04-04,Women's Athletic Footwear,204.0
460,2021-04-05,Women's Athletic Footwear,1255.0
461,2021-04-06,Women's Athletic Footwear,1699.0
462,2021-04-07,Women's Athletic Footwear,1671.0622372164842
463,2021-04-08,Women's Athletic Footwear,978.0
464,2021-04-09,Women's Athletic Footwear,159.0
465,2021-04-10,Women's Athletic Footwear,1302.0
466,2021-04-11,Women's Athletic Footwear,438.0
467,2021-04-12,Women's Athletic Footwear,851.0
468,2021-04-13,Women's Athletic Footwear,600.0
469,2021-04-14,Women's Athletic Footwear,393.0
470,2021-04-15,Women's Athletic Footwear,804.1623689865237
471,2021-04-16,Women's Athletic Footwear,1381.0
472,2021-04-17,Women's Athletic Footwear,1607.0
473,2021-04-18,Women's Athletic Footwear,1461.0
474,2021-04-19,Women's Athletic Footwear,1152.2328585434745
475,2021-04-20,Women's Athletic Footwear,607.0
476,2021-04-21,Women's Athletic Footwear,257.0
477,2021-04-22,Women's Athletic Footwear,1123.0
478,2021-04-23,Women's Athletic Footwear,403.0
479,2021-04-24,Women's Athletic Footwear,1477.0
480,2021-04-25,Women's Athletic Footwear,1302.1589330277689
481,2021-04-26,Women's Athletic Footwear,483.0
482,2021-04-27,Women's Athletic Footwear,630.0324323969646
483,2021-04-28,Women's Athletic Footwear,1067.0
484,2021-04-29,Women's Athletic Footwear,898.0863373843728
485,2021-04-30,Women's Athletic Footwear,636.0
486,2021-05-01,Women's Athletic Footwear,774.0
487,2021-05-02,Women's Athletic Footwear,761.0
488,2021-05-03,Women's Athletic Footwear,847.0
489,2021-05-04,Women's Athletic Footwear,604.0
490,2021-05-05,Women's Athletic Footwear,1642.0
491,2021-05-06,Women's Athletic Footwear,440.0
492,2021-05-07,Women's Athletic Footwear,1362.0
493,2021-05-08,Women's Athletic Footwear,2135.5929146002486
494,2021-05-09,Women's Athletic Footwear,1562.0
495,2021-05-10,Women's Athletic Footwear,233.0
496,2021-05-11,Women's Athletic Footwear,730.0
497,2021-05-12,Women's Athletic Footwear,1255.0
498,2021-05-13,Women's Athletic Footwear,717.0
499,2021-05-14,Women's Athletic Footwear,530.0
500,2021-05-15,Women's Athletic Footwear,576.0
501,2021-05-16,Women's Athletic Footwear,1605.0
502,2021-05-17,Women's Athletic Footwear,446.0
503,2021-05-18,Women's Athletic Footwear,2156.0
504,2021-05-19,Women's Athletic Footwear,1116.0
505,2021-05-20,Women's Athletic Footwear,443.0
506,2021-05-21,Women's Athletic Footwear,925.0597935363571
507,2021-05-22,Women's Athletic Footwear,1047.0
508,2021-05-23,Women's Athletic Footwear,163.0
509,2021-05-24,Women's Athletic Footwear,600.0
510,2021-05-25,Women's Athletic Footwear,881.0
511,2021-05-26,Women's Athletic Footwear,572.5228229561648
512,2021-05-27,Women's Athletic Footwear,550.0
513,2021-05-28,Women's Athletic Footwear,1134.0
514,2021-05-29,Women's Athletic Footwear,583.2577959582528
515,2021-05-30,Women's Athletic Footwear,64.0
516,2021-05-31,Women's Athletic Footwear,882.6160492247484
517,2021-06-01,Women's Athletic Footwear,1255.0
518,2021-06-02,Women's Athletic Footwear,98.0
519,2021-06-03,Women's Athletic Footwear,705.0
520,2021-06-04,Women's Athletic Footwear,1754.0
521,2021-06-05,Women's Athletic Footwear,1105.0
522,2021-06-06,Women's Athletic Footwear,219.0
523,2021-06-07,Women's Athletic Footwear,1451.0
524,2021-06-08,Women's Athletic Footwear,1262.0
525,2021-06-09,Women's Athletic Footwear,347.0
526,2021-06-10,Women's Athletic Footwear,156.0
527,2021-06-11,Women's Athletic Footwear,1268.0
528,2021-06-12,Women's Athletic Footwear,1045.0
529,2021-06-13,Women's Athletic Footwear,652.0
530,2021-06-14,Women's Athletic Footwear,355.0
531,2021-06-15,Women's Athletic Footwear,831.0
532,2021-06-16,Women's Athletic Footwear,2383.707953282496
533,2021-06-17,Women's Athletic Footwear,2905.0
534,2021-06-18,Women's Athletic Footwear,1157.0
535,2021-06-19,Women's Athletic Footwear,520.0
536,2021-06-20,Women's Athletic Footwear,873.0313861400684
537,2021-06-21,Women's Athletic Footwear,1181.0
538,2021-06-22,Women's Athletic Footwear,836.0
539,2021-06-23,Women's Athletic Footwear,739.0
540,2021-06-24,Women's Athletic Footwear,1713.0
541,2021-06-25,Women's Athletic Footwear,1553.3853823587308
542,2021-06-26,Women's Athletic Footwear,659.0
543,2021-06-27,Women's Athletic Footwear,128.0
544,2021-06-28,Women's Athletic Footwear,129.73213822220976
545,2021-06-29,Women's Athletic Footwear,221.0
546,2021-06-30,Women's Athletic Footwear,69.47540652534181
547,2021-07-01,Women's Athletic Footwear,192.0
548,2021-07-02,Women's Athletic Footwear,794.0
549,2021-07-03,Women's Athletic Footwear,618.0
550,2021-07-04,Women's Athletic Footwear,207.0
551,2021-07-05,Women's Athletic Footwear,159.0
552,2021-07-06,Women's Athletic Footwear,968.0
553,2021-07-07,Women's Athletic Footwear,823.49947743261
554,2021-07-08,Women's Athletic Footwear,488.0
555,2021-07-09,Women's Athletic Footwear,1074.0
556,2021-07-10,Women's Athletic Footwear,1507.0
557,2021-07-11,Women's Athletic Footwear,641.0
558,2021-07-12,Women's Athletic Footwear,586.5206284836448
559,2021-07-13,Women's Athletic Footwear,748.0
560,2021-07-14,Women's Athletic Footwear,259.32747880453826
561,2021-07-15,Women's Athletic Footwear,971.0
562,2021-07-16,Women's Athletic Footwear,3026.0
563,2021-07-17,Women's Athletic Footwear,1025.0
564,2021-07-18,Women's Athletic Footwear,620.4199093702937
565,2021-07-19,Women's Athletic Footwear,1153.0
566,2021-07-20,Women's Athletic Footwear,570.0
567,2021-07-21,Women's Athletic Footwear,507.0
568,2021-07-22,Women's Athletic Footwear,589.0
569,2021-07-23,Women's Athletic Footwear,1933.0
570,2021-07-24,Women's Athletic Footwear,1778.2979818374522
571,2021-07-25,Women's Athletic Footwear,734.0
572,2021-07-26,Women's Athletic Footwear,239.86529493175814
573,2021-07-27,Women's Athletic Footwear,158.0
574,2021-07-28,Women's Athletic Footwear,91.8658384355154
575,2021-07-29,Women's Athletic Footwear,188.0
576,2021-07-30,Women's Athletic Footwear,626.9532128779375
577,2021-07-31,Women's Athletic Footwear,1182.2548924140565
578,2021-08-01,Women's Athletic Footwear,1525.679125743147
579,2021-08-02,Women's Athletic Footwear,1329.0
580,2021-08-03,Women's Athletic Footwear,628.0
581,2021-08-04,Women's Athletic Footwear,487.70644164827496
582,2021-08-05,Women's Athletic Footwear,630.0
583,2021-08-06,Women's Athletic Footwear,645.0
584,2021-08-07,Women's Athletic Footwear,953.0
585,2021-08-08,Women's Athletic Footwear,1015.0
586,2021-08-09,Women's Athletic Footwear,662.0
587,2021-08-10,Women's Athletic Footwear,277.0
588,2021-08-11,Women's Athletic Footwear,159.0
589,2021-08-12,Women's Athletic Footwear,984.0
590,2021-08-13,Women's Athletic Footwear,1102.0
591,2021-08-14,Women's Athletic Footwear,1274.0
592,2021-08-15,Women's Athletic Footwear,851.2565558521137
593,2021-08-16,Women's Athletic Footwear,1238.0
594,2021-08-17,Women's Athletic Footwear,2608.0
595,2021-08-18,Women's Athletic Footwear,851.0
596,2021-08-19,Women's Athletic Footwear,1201.0530897670585
597,2021-08-20,Women's Athletic Footwear,1849.0
598,2021-08-21,Women's Athletic Footwear,512.0
599,2021-08-22,Women's Athletic Footwear,929.0
600,2021-08-23,Women's Athletic Footwear,632.0
601,2021-08-24,Women's Athletic Footwear,1344.0
602,2021-08-25,Women's Athletic Footwear,1713.9980895456663
603,2021-08-26,Women's Athletic Footwear,1426.0
604,2021-08-27,Women's Athletic Footwear,871.5934041588407
605,2021-08-28,Women's Athletic Footwear,800.0
606,2021-08-29,Women's Athletic Footwear,1741.4849545209393
607,2021-08-30,Women's Athletic Footwear,2992.8532856157512
608,2021-08-31,Women's Athletic Footwear,3542.544973902687
609,2021-09-01,Women's Athletic Footwear,2379.0
610,2021-09-02,Women's Athletic Footwear,130.0
611,2021-09-03,Women's Athletic Footwear,923.0
612,2021-09-04,Women's Athletic Footwear,682.0
613,2021-09-05,Women's Athletic Footwear,548.0
614,2021-09-06,Women's Athletic Footwear,354.0
615,2021-09-07,Women's Athletic Footwear,1781.0
616,2021-09-08,Women's Athletic Footwear,977.0
617,2021-09-09,Women's Athletic Footwear,1507.0
618,2021-09-10,Women's Athletic Footwear,1044.0
619,2021-09-11,Women's Athletic Footwear,941.0
620,2021-09-12,Women's Athletic Footwear,1704.0
621,2021-09-13,Women's Athletic Footwear,1615.0
622,2021-09-14,Women's Athletic Footwear,640.0
623,2021-09-15,Women's Athletic Footwear,1278.0
624,2021-09-16,Women's Athletic Footwear,620.0
625,2021-09-17,Women's Athletic Footwear,355.0
626,2021-09-18,Women's Athletic Footwear,1070.0
627,2021-09-19,Women's Athletic Footwear,2197.0
628,2021-09-20,Women's Athletic Footwear,381.0
629,2021-09-21,Women's Athletic Footwear,550.0
630,2021-09-22,Women's Athletic Footwear,545.040181135453
631,2021-09-23,Women's Athletic Footwear,254.0
632,2021-09-24,Women's Athletic Footwear,612.0
633,2021-09-25,Women's Athletic Footwear,1468.0
634,2021-09-26,Women's Athletic Footwear,1558.7342263654484
635,2021-09-27,Women's Athletic Footwear,1207.0
636,2021-09-28,Women's Athletic Footwear,1056.6058236204474
637,2021-09-29,Women's Athletic Footwear,1095.8557798013023
638,2021-09-30,Women's Athletic Footwear,1149.1778460815058
639,2021-10-01,Women's Athletic Footwear,1041.0
640,2021-10-02,Women's Athletic Footwear,1050.0
641,2021-10-03,Women's Athletic Footwear,2004.0
642,2021-10-04,Women's Athletic Footwear,1786.0
643,2021-10-05,Women's Athletic Footwear,2126.0
644,2021-10-06,Women's Athletic Footwear,1548.0
645,2021-10-07,Women's Athletic Footwear,1804.0
646,2021-10-08,Women's Athletic Footwear,2196.0
647,2021-10-09,Women's Athletic Footwear,1147.0
648,2021-10-10,Women's Athletic Footwear,1187.0
649,2021-10-11,Women's Athletic Footwear,1497.0
650,2021-10-12,Women's Athletic Footwear,1790.0
651,2021-10-13,Women's Athletic Footwear,1332.0
652,2021-10-14,Women's Athletic Footwear,222.0
653,2021-10-15,Women's Athletic Footwear,536.0
654,2021-10-16,Women's Athletic Footwear,1682.7025286074302
655,2021-10-17,Women's Athletic Footwear,1946.0
656,2021-10-18,Women's Athletic Footwear,848.0
657,2021-10-19,Women's Athletic Footwear,1347.0
658,2021-10-20,Women's Athletic Footwear,1369.7948254534801
659,2021-10-21,Women's Athletic Footwear,849.0
660,2021-10-22,Women's Athletic Footwear,480.0
661,2021-10-23,Women's Athletic Footwear,492.0
662,2021-10-24,Women's Athletic Footwear,1044.0
663,2021-10-25,Women's Athletic Footwear,117.0
664,2021-10-26,Women's Athletic Footwear,557.0
665,2021-10-27,Women's Athletic Footwear,63.0
666,2021-10-28,Women's Athletic Footwear,395.14285714285717
667,2021-10-29,Women's Athletic Footwear,537.2857142857143
668,2021-10-30,Women's Athletic Footwear,402.14285714285717
669,2021-10-31,Women's Athletic Footwear,80.0
670,2021-11-01,Women's Athletic Footwear,413.0
671,2021-11-02,Women's Athletic Footwear,1487.0
672,2021-11-03,Women's Athletic Footwear,98.0
673,2021-11-04,Women's Athletic Footwear,1183.0
674,2021-11-05,Women's Athletic Footwear,579.0
675,2021-11-06,Women's Athletic Footwear,1280.0
676,2021-11-07,Women's Athletic Footwear,317.0
677,2021-11-08,Women's Athletic Footwear,1675.0
678,2021-11-09,Women's Athletic Footwear,601.0
679,2021-11-10,Women's Athletic Footwear,953.0
680,2021-11-11,Women's Athletic Footwear,1718.0
681,2021-11-12,Women's Athletic Footwear,250.0
682,2021-11-13,Women's Athletic Footwear,1014.0
683,2021-11-14,Women's Athletic Footwear,1048.0
684,2021-11-15,Women's Athletic Footwear,152.61975488525422
685,2021-11-16,Women's Athletic Footwear,613.0
686,2021-11-17,Women's Athletic Footwear,2736.0
687,2021-11-18,Women's Athletic Footwear,1321.0
688,2021-11-19,Women's Athletic Footwear,986.3081375201552
689,2021-11-20,Women's Athletic Footwear,1296.0
690,2021-11-21,Women's Athletic Footwear,581.0
691,2021-11-22,Women's Athletic Footwear,252.0
692,2021-11-23,Women's Athletic Footwear,564.0
693,2021-11-24,Women's Athletic Footwear,1679.0
694,2021-11-25,Women's Athletic Footwear,1611.9503076357828
695,2021-11-26,Women's Athletic Footwear,676.0
696,2021-11-27,Women's Athletic Footwear,921.4214725193975
697,2021-11-28,Women's Athletic Footwear,1016.2786153765403
698,2021-11-29,Women's Athletic Footwear,1010.9929010908261
699,2021-11-30,Women's Athletic Footwear,275.0
700,2021-12-01,Women's Athletic Footwear,1392.0
701,2021-12-02,Women's Athletic Footwear,916.0
702,2021-12-03,Women's Athletic Footwear,527.0
703,2021-12-04,Women's Athletic Footwear,1067.0
704,2021-12-05,Women's Athletic Footwear,1464.0
705,2021-12-06,Women's Athletic Footwear,1356.0
706,2021-12-07,Women's Athletic Footwear,1056.0
707,2021-12-08,Women's Athletic Footwear,258.0
708,2021-12-09,Women's Athletic Footwear,814.0
709,2021-12-10,Women's Athletic Footwear,1037.0
710,2021-12-11,Women's Athletic Footwear,338.0
711,2021-12-12,Women's Athletic Footwear,1417.0
712,2021-12-13,Women's Athletic Footwear,903.0
713,2021-12-14,Women's Athletic Footwear,1081.888888888889
714,2021-12-15,Women's Athletic Footwear,688.0
715,2021-12-16,Women's Athletic Footwear,3135.0
716,2021-12-17,Women's Athletic Footwear,1242.0
717,2021-12-18,Women's Athletic Footwear,163.0
718,2021-12-19,Women's Athletic Footwear,1177.0
719,2021-12-20,Women's Athletic Footwear,219.0
720,2021-12-21,Women's Athletic Footwear,293.0
721,2021-12-22,Women's Athletic Footwear,668.0
722,2021-12-23,Women's Athletic Footwear,1744.0
723,2021-12-24,Women's Athletic Footwear,505.0
724,2021-12-25,Women's Athletic Footwear,805.0
725,2021-12-26,Women's Athletic Footwear,2821.496822216124
726,2021-12-27,Women's Athletic Footwear,5173.96784998628
727,2021-12-28,Women's Athletic Footwear,6481.890466648372
728,2021-12-29,Women's Athletic Footwear,5364.7420555403105
729,2021-12-30,Women's Athletic Footwear,442.0
730,2021-12-31,Women's Athletic Footwear,4056.8194388782176
367,2021-01-02,Men's Apparel,611.857673523438
368,2021-01-03,Men's Apparel,634.1299246276242
369,2021-01-04,Men's Apparel,489.0
370,2021-01-05,Men's Apparel,640.0
371,2021-01-06,Men's Apparel,706.5730205703142
372,2021-01-07,Men's Apparel,700.9466779401826
373,2021-01-08,Men's Apparel,635.3485883388452
374,2021-01-09,Men's Apparel,522.0063679955423
375,2021-01-10,Men's Apparel,373.14763313951386
376,2021-01-11,Men's Apparel,201.0
377,2021-01-12,Men's Apparel,324.0
378,2021-01-13,Men's Apparel,1251.0
379,2021-01-14,Men's Apparel,1008.0
380,2021-01-15,Men's Apparel,1199.3238735111413
381,2021-01-16,Men's Apparel,1651.0
382,2021-01-17,Men's Apparel,1395.0
383,2021-01-18,Men's Apparel,423.0
384,2021-01-19,Men's Apparel,968.0
385,2021-01-20,Men's Apparel,540.0
386,2021-01-21,Men's Apparel,355.0
387,2021-01-22,Men's Apparel,1453.0
388,2021-01-23,Men's Apparel,1370.0
389,2021-01-24,Men's Apparel,918.0
390,2021-01-25,Men's Apparel,286.0
391,2021-01-26,Men's Apparel,449.0
392,2021-01-27,Men's Apparel,912.3084503726689
393,2021-01-28,Men's Apparel,1168.0
394,2021-01-29,Men's Apparel,963.9432273851972
395,2021-01-30,Men's Apparel,567.2869393980516
396,2021-01-31,Men's Apparel,375.0
397,2021-02-01,Men's Apparel,648.3459430430432
398,2021-02-02,Men's Apparel,1105.7669819414368
399,2021-02-03,Men's Apparel,1330.0
400,2021-02-04,Men's Apparel,1071.3006921714373
401,2021-02-05,Men's Apparel,750.0
402,2021-02-06,Men's Apparel,811.5734922531936
403,2021-02-07,Men's Apparel,1132.0
404,2021-02-08,Men's Apparel,1418.5303388157884
405,2021-02-09,Men's Apparel,1273.0
406,2021-02-10,Men's Apparel,734.0
407,2021-02-11,Men's Apparel,1025.5820128902521
408,2021-02-12,Men's Apparel,1167.0
409,2021-02-13,Men's Apparel,286.0
410,2021-02-14,Men's Apparel,293.0
411,2021-02-15,Men's Apparel,1654.0
412,2021-02-16,Men's Apparel,1805.8861998021443
413,2021-02-17,Men's Apparel,1492.0
414,2021-02-18,Men's Apparel,1557.0
415,2021-02-19,Men's Apparel,454.0
416,2021-02-20,Men's Apparel,427.8645575141552
417,2021-02-21,Men's Apparel,944.0
418,2021-02-22,Men's Apparel,735.0
419,2021-02-23,Men's Apparel,245.0
420,2021-02-24,Men's Apparel,856.0
421,2021-02-25,Men's Apparel,900.2276161205783
422,2021-02-26,Men's Apparel,316.0
423,2021-02-27,Men's Apparel,591.2784520150723
424,2021-02-28,Men's Apparel,597.1534520150723
425,2021-03-01,Men's Apparel,195.0
426,2021-03-02,Men's Apparel,1241.0
427,2021-03-03,Men's Apparel,242.0
428,2021-03-04,Men's Apparel,782.0
429,2021-03-05,Men's Apparel,403.0
430,2021-03-06,Men's Apparel,221.0
431,2021-03-07,Men's Apparel,474.0
432,2021-03-08,Men's Apparel,1238.0
433,2021-03-09,Men's Apparel,284.0
434,2021-03-10,Men's Apparel,158.0
435,2021-03-11,Men's Apparel,1139.0
436,2021-03-12,Men's Apparel,477.0
437,2021-03-13,Men's Apparel,384.0
438,2021-03-14,Men's Apparel,568.0
439,2021-03-15,Men's Apparel,469.0
440,2021-03-16,Men's Apparel,1312.0
441,2021-03-17,Men's Apparel,1348.0
442,2021-03-18,Men's Apparel,912.3005423838633
443,2021-03-19,Men's Apparel,688.0
444,2021-03-20,Men's Apparel,777.0
445,2021-03-21,Men's Apparel,194.0
446,2021-03-22,Men's Apparel,195.0
447,2021-03-23,Men's Apparel,978.0
448,2021-03-24,Men's Apparel,784.3587938151614
449,2021-03-25,Men's Apparel,281.0
450,2021-03-26,Men's Apparel,432.0
451,2021-03-27,Men's Apparel,597.3046061690319
452,2021-03-28,Men's Apparel,620.5949799339259
453,2021-03-29,Men's Apparel,581.4904137470759
454,2021-03-30,Men's Apparel,559.6102000608757
455,2021-03-31,Men's Apparel,634.5736313277191
456,2021-04-01,Men's Apparel,886.0
457,2021-04-02,Men's Apparel,1188.0
458,2021-04-03,Men's Apparel,874.3352442970045
459,2021-04-04,Men's Apparel,200.0
460,2021-04-05,Men's Apparel,228.0
461,2021-04-06,Men's Apparel,1760.0
462,2021-04-07,Men's Apparel,226.0
463,2021-04-08,Men's Apparel,314.0
464,2021-04-09,Men's Apparel,968.0
465,2021-04-10,Men's Apparel,1948.0
466,2021-04-11,Men's Apparel,406.0
467,2021-04-12,Men's Apparel,755.0
468,2021-04-13,Men's Apparel,1267.0
469,2021-04-14,Men's Apparel,397.0
470,2021-04-15,Men's Apparel,983.5555555555555
471,2021-04-16,Men's Apparel,520.0
472,2021-04-17,Men's Apparel,2083.0
473,2021-04-18,Men's Apparel,579.0
474,2021-04-19,Men's Apparel,897.0
475,2021-04-20,Men's Apparel,680.0
476,2021-04-21,Men's Apparel,256.0
477,2021-04-22,Men's Apparel,160.0
478,2021-04-23,Men's Apparel,1026.0
479,2021-04-24,Men's Apparel,400.0
480,2021-04-25,Men's Apparel,751.0
481,2021-04-26,Men's Apparel,318.0
482,2021-04-27,Men's Apparel,290.2486742156134
483,2021-04-28,Men's Apparel,739.0121093667206
484,2021-04-29,Men's Apparel,1113.0
485,2021-04-30,Men's Apparel,997.111049924656
486,2021-05-01,Men's Apparel,521.0
487,2021-05-02,Men's Apparel,326.0
488,2021-05-03,Men's Apparel,995.0
489,2021-05-04,Men's Apparel,438.0
490,2021-05-05,Men's Apparel,2623.0
491,2021-05-06,Men's Apparel,440.0
492,2021-05-07,Men's Apparel,1300.0
493,2021-05-08,Men's Apparel,527.0
494,2021-05-09,Men's Apparel,1519.0
495,2021-05-10,Men's Apparel,237.0
496,2021-05-11,Men's Apparel,680.0
497,2021-05-12,Men's Apparel,1284.0
498,2021-05-13,Men's Apparel,1529.0
499,2021-05-14,Men's Apparel,355.0
500,2021-05-15,Men's Apparel,599.0
501,2021-05-16,Men's Apparel,648.0
502,2021-05-17,Men's Apparel,1452.0
503,2021-05-18,Men's Apparel,1021.0
504,2021-05-19,Men's Apparel,2046.0
505,2021-05-20,Men's Apparel,505.0
506,2021-05-21,Men's Apparel,122.12045804524031
507,2021-05-22,Men's Apparel,909.5772050906166
508,2021-05-23,Men's Apparel,1170.0
509,2021-05-24,Men's Apparel,320.0
510,2021-05-25,Men's Apparel,715.0
511,2021-05-26,Men's Apparel,639.2384295707437
512,2021-05-27,Men's Apparel,393.0
513,2021-05-28,Men's Apparel,769.4355261880465
514,2021-05-29,Men's Apparel,1000.0
515,2021-05-30,Men's Apparel,396.7694656770707
516,2021-05-31,Men's Apparel,156.0
517,2021-06-01,Men's Apparel,973.0
518,2021-06-02,Men's Apparel,787.0
519,2021-06-03,Men's Apparel,692.0
520,2021-06-04,Men's Apparel,972.0
521,2021-06-05,Men's Apparel,568.0
522,2021-06-06,Men's Apparel,282.0
523,2021-06-07,Men's Apparel,1661.0
524,2021-06-08,Men's Apparel,1201.0
525,2021-06-09,Men's Apparel,351.0
526,2021-06-10,Men's Apparel,163.0
527,2021-06-11,Men's Apparel,1145.0
528,2021-06-12,Men's Apparel,725.0
529,2021-06-13,Men's Apparel,441.0
530,2021-06-14,Men's Apparel,358.0
531,2021-06-15,Men's Apparel,733.0
532,2021-06-16,Men's Apparel,163.0
533,2021-06-17,Men's Apparel,2475.0
534,2021-06-18,Men's Apparel,1235.0
535,2021-06-19,Men's Apparel,533.0
536,2021-06-20,Men's Apparel,732.2265227677626
537,2021-06-21,Men's Apparel,1081.0
538,2021-06-22,Men's Apparel,958.0
539,2021-06-23,Men's Apparel,365.0
540,2021-06-24,Men's Apparel,1472.0
541,2021-06-25,Men's Apparel,1371.1129599919989
542,2021-06-26,Men's Apparel,480.0
543,2021-06-27,Men's Apparel,133.61137386545568
544,2021-06-28,Men's Apparel,160.0
545,2021-06-29,Men's Apparel,145.81654454617896
546,2021-06-30,Men's Apparel,219.0
547,2021-07-01,Men's Apparel,544.0
548,2021-07-02,Men's Apparel,889.0
549,2021-07-03,Men's Apparel,990.647726751422
550,2021-07-04,Men's Apparel,870.0
551,2021-07-05,Men's Apparel,739.0
552,2021-07-06,Men's Apparel,945.0
553,2021-07-07,Men's Apparel,834.9903038713554
554,2021-07-08,Men's Apparel,417.0
555,2021-07-09,Men's Apparel,195.0
556,2021-07-10,Men's Apparel,839.0
557,2021-07-11,Men's Apparel,683.0
558,2021-07-12,Men's Apparel,275.0
559,2021-07-13,Men's Apparel,817.0
560,2021-07-14,Men's Apparel,65.31137791684785
561,2021-07-15,Men's Apparel,693.0
562,2021-07-16,Men's Apparel,3550.0
563,2021-07-17,Men's Apparel,1040.0
564,2021-07-18,Men's Apparel,32.0
565,2021-07-19,Men's Apparel,1257.0
566,2021-07-20,Men's Apparel,642.0
567,2021-07-21,Men's Apparel,325.0
568,2021-07-22,Men's Apparel,922.0
569,2021-07-23,Men's Apparel,1926.0
570,2021-07-24,Men's Apparel,127.0
571,2021-07-25,Men's Apparel,805.0
572,2021-07-26,Men's Apparel,1187.2535172437686
573,2021-07-27,Men's Apparel,710.3562139124235
574,2021-07-28,Men's Apparel,158.0
575,2021-07-29,Men's Apparel,92.29197544952585
576,2021-07-30,Men's Apparel,189.0
577,2021-07-31,Men's Apparel,66.25338759359782
578,2021-08-01,Men's Apparel,532.0473929569721
579,2021-08-02,Men's Apparel,422.0
580,2021-08-03,Men's Apparel,1289.0
581,2021-08-04,Men's Apparel,1199.524959657201
582,2021-08-05,Men's Apparel,662.0
583,2021-08-06,Men's Apparel,639.0
584,2021-08-07,Men's Apparel,1028.0
585,2021-08-08,Men's Apparel,774.0
586,2021-08-09,Men's Apparel,1390.0
587,2021-08-10,Men's Apparel,908.0
588,2021-08-11,Men's Apparel,722.9022076192188
589,2021-08-12,Men's Apparel,984.0
590,2021-08-13,Men's Apparel,1060.0
591,2021-08-14,Men's Apparel,533.0
592,2021-08-15,Men's Apparel,582.0
593,2021-08-16,Men's Apparel,635.0
594,2021-08-17,Men's Apparel,3008.0
595,2021-08-18,Men's Apparel,784.0
596,2021-08-19,Men's Apparel,218.63710529732728
597,2021-08-20,Men's Apparel,1087.0
598,2021-08-21,Men's Apparel,921.0
599,2021-08-22,Men's Apparel,290.0
600,2021-08-23,Men's Apparel,1089.0
601,2021-08-24,Men's Apparel,1352.0
602,2021-08-25,Men's Apparel,1125.4244821339335
603,2021-08-26,Men's Apparel,761.0
604,2021-08-27,Men's Apparel,477.0
605,2021-08-28,Men's Apparel,457.2345036034908
606,2021-08-29,Men's Apparel,652.0
607,2021-08-30,Men's Apparel,950.0750721103204
608,2021-08-31,Men's Apparel,1234.057532230406
609,2021-09-01,Men's Apparel,1385.0
610,2021-09-02,Men's Apparel,1267.0
611,2021-09-03,Men's Apparel,868.0
612,2021-09-04,Men's Apparel,729.0
613,2021-09-05,Men's Apparel,576.0
614,2021-09-06,Men's Apparel,222.0
615,2021-09-07,Men's Apparel,1653.0
616,2021-09-08,Men's Apparel,1176.0
617,2021-09-09,Men's Apparel,572.0
618,2021-09-10,Men's Apparel,159.0
619,2021-09-11,Men's Apparel,1090.0
620,2021-09-12,Men's Apparel,1604.0
621,2021-09-13,Men's Apparel,652.0
622,2021-09-14,Men's Apparel,1427.0
623,2021-09-15,Men's Apparel,603.0
624,2021-09-16,Men's Apparel,1328.0
625,2021-09-17,Men's Apparel,358.0
626,2021-09-18,Men's Apparel,1164.0
627,2021-09-19,Men's Apparel,1278.0
628,2021-09-20,Men's Apparel,1316.0
629,2021-09-21,Men's Apparel,1051.5234385603458
630,2021-09-22,Men's Apparel,554.0
631,2021-09-23,Men's Apparel,258.0
632,2021-09-24,Men's Apparel,608.0
633,2021-09-25,Men's Apparel,716.0
634,2021-09-26,Men's Apparel,825.0
635,2021-09-27,Men's Apparel,681.0
636,2021-09-28,Men's Apparel,483.0
637,2021-09-29,Men's Apparel,1003.3312066476847
638,2021-09-30,Men's Apparel,1741.7046061427736
639,2021-10-01,Men's Apparel,1829.0
640,2021-10-02,Men's Apparel,1150.0
641,2021-10-03,Men's Apparel,1319.0
642,2021-10-04,Men's Apparel,863.0
643,2021-10-05,Men's Apparel,1202.0
644,2021-10-06,Men's Apparel,1610.0
645,2021-10-07,Men's Apparel,2169.0
646,2021-10-08,Men's Apparel,1535.0
647,2021-10-09,Men's Apparel,1970.0
648,2021-10-10,Men's Apparel,1958.0
649,2021-10-11,Men's Apparel,1426.0
650,2021-10-12,Men's Apparel,1791.0
651,2021-10-13,Men's Apparel,492.0
652,2021-10-14,Men's Apparel,996.0
653,2021-10-15,Men's Apparel,385.0
654,2021-10-16,Men's Apparel,192.0
655,2021-10-17,Men's Apparel,1861.0
656,2021-10-18,Men's Apparel,846.0
657,2021-10-19,Men's Apparel,406.0
658,2021-10-20,Men's Apparel,851.0
659,2021-10-21,Men's Apparel,767.0
660,2021-10-22,Men's Apparel,675.0
661,2021-10-23,Men's Apparel,432.0
662,2021-10-24,Men's Apparel,960.0
663,2021-10-25,Men's Apparel,1055.4795704163512
664,2021-10-26,Men's Apparel,732.0
665,2021-10-27,Men's Apparel,411.64874657039303
666,2021-10-28,Men's Apparel,129.0
667,2021-10-29,Men's Apparel,704.1611881409634
668,2021-10-30,Men's Apparel,703.5897595695349
669,2021-10-31,Men's Apparel,824.5212495100561
670,2021-11-01,Men's Apparel,473.0
671,2021-11-02,Men's Apparel,1168.0
672,2021-11-03,Men's Apparel,956.0
673,2021-11-04,Men's Apparel,1902.0
674,2021-11-05,Men's Apparel,1487.0
675,2021-11-06,Men's Apparel,1290.0
676,2021-11-07,Men's Apparel,252.0
677,2021-11-08,Men's Apparel,1969.0
678,2021-11-09,Men's Apparel,633.0
679,2021-11-10,Men's Apparel,959.0
680,2021-11-11,Men's Apparel,1628.0
681,2021-11-12,Men's Apparel,250.0
682,2021-11-13,Men's Apparel,1014.0
683,2021-11-14,Men's Apparel,745.0
684,2021-11-15,Men's Apparel,228.0
685,2021-11-16,Men's Apparel,576.0
686,2021-11-17,Men's Apparel,2545.0
687,2021-11-18,Men's Apparel,1049.0
688,2021-11-19,Men's Apparel,195.0
689,2021-11-20,Men's Apparel,983.0
690,2021-11-21,Men's Apparel,774.0
691,2021-11-22,Men's Apparel,228.0
692,2021-11-23,Men's Apparel,486.0
693,2021-11-24,Men's Apparel,1353.0
694,2021-11-25,Men's Apparel,243.0
695,2021-11-26,Men's Apparel,619.0
696,2021-11-27,Men's Apparel,962.6573485019335
697,2021-11-28,Men's Apparel,841.7657400518913
698,2021-11-29,Men's Apparel,599.845457350882
699,2021-11-30,Men's Apparel,580.4167830999154
700,2021-12-01,Men's Apparel,1127.0
701,2021-12-02,Men's Apparel,1753.0
702,2021-12-03,Men's Apparel,425.0
703,2021-12-04,Men's Apparel,129.0
704,2021-12-05,Men's Apparel,746.0
705,2021-12-06,Men's Apparel,1378.0
706,2021-12-07,Men's Apparel,1287.0
707,2021-12-08,Men's Apparel,221.0
708,2021-12-09,Men's Apparel,813.0
709,2021-12-10,Men's Apparel,1050.0
710,2021-12-11,Men's Apparel,195.0
711,2021-12-12,Men's Apparel,1017.0
712,2021-12-13,Men's Apparel,1092.0
713,2021-12-14,Men's Apparel,205.73272501650095
714,2021-12-15,Men's Apparel,693.0
715,2021-12-16,Men's Apparel,2876.0
716,2021-12-17,Men's Apparel,1270.0
717,2021-12-18,Men's Apparel,1030.6618738831382
718,2021-12-19,Men's Apparel,1305.0
719,2021-12-20,Men's Apparel,226.0
720,2021-12-21,Men's Apparel,293.0
721,2021-12-22,Men's Apparel,547.0
722,2021-12-23,Men's Apparel,1530.0
723,2021-12-24,Men's Apparel,1766.7080806864394
724,2021-12-25,Men's Apparel,1103.0
725,2021-12-26,Men's Apparel,1047.941616137288
726,2021-12-27,Men's Apparel,1077.1416161372879
727,2021-12-28,Men's Apparel,1209.67702017161
728,2021-12-29,Men's Apparel,1102.9026935621466
729,2021-12-30,Men's Apparel,771.0
730,2021-12-31,Men's Apparel,439.0
367,2021-01-02,Women's Apparel,750.0
368,2021-01-03,Women's Apparel,152.6735943860415
369,2021-01-04,Women's Apparel,358.0706077041666
370,2021-01-05,Women's Apparel,54.036797193020696
371,2021-01-06,Women's Apparel,260.0
372,2021-01-07,Women's Apparel,441.0
373,2021-01-08,Women's Apparel,490.71325464593747
374,2021-01-09,Women's Apparel,462.9748624303093
375,2021-01-10,Women's Apparel,451.6595821055088
376,2021-01-11,Women's Apparel,550.6421724239285
377,2021-01-12,Women's Apparel,853.7973921379614
378,2021-01-13,Women's Apparel,1455.0
379,2021-01-14,Women's Apparel,1795.0
380,2021-01-15,Women's Apparel,229.51445690163183
381,2021-01-16,Women's Apparel,571.0
382,2021-01-17,Women's Apparel,3767.0
383,2021-01-18,Women's Apparel,548.0
384,2021-01-19,Women's Apparel,881.0
385,2021-01-20,Women's Apparel,1159.0
386,2021-01-21,Women's Apparel,514.0
387,2021-01-22,Women's Apparel,381.0
388,2021-01-23,Women's Apparel,3166.0
389,2021-01-24,Women's Apparel,2307.0
390,2021-01-25,Women's Apparel,1383.7864147355426
391,2021-01-26,Women's Apparel,1277.0
392,2021-01-27,Women's Apparel,1345.3207595975198
393,2021-01-28,Women's Apparel,1374.2513286244055
394,2021-01-29,Women's Apparel,1256.0
395,2021-01-30,Women's Apparel,944.7292311839238
396,2021-01-31,Women's Apparel,642.4181377969178
397,2021-02-01,Women's Apparel,613.0
398,2021-02-02,Women's Apparel,952.0861339766263
399,2021-02-03,Women's Apparel,1082.0
400,2021-02-04,Women's Apparel,932.0
401,2021-02-05,Women's Apparel,1910.0
402,2021-02-06,Women's Apparel,2060.262588747323
403,2021-02-07,Women's Apparel,1607.0
404,2021-02-08,Women's Apparel,1339.246164816141
405,2021-02-09,Women's Apparel,903.0
406,2021-02-10,Women's Apparel,83.62775198811366
407,2021-02-11,Women's Apparel,367.0
408,2021-02-12,Women's Apparel,2027.0
409,2021-02-13,Women's Apparel,1116.0
410,2021-02-14,Women's Apparel,423.0
411,2021-02-15,Women's Apparel,828.0
412,2021-02-16,Women's Apparel,1264.0
413,2021-02-17,Women's Apparel,2386.0
414,2021-02-18,Women's Apparel,1305.0
415,2021-02-19,Women's Apparel,1169.0
416,2021-02-20,Women's Apparel,1246.4369370692064
417,2021-02-21,Women's Apparel,1245.0
418,2021-02-22,Women's Apparel,1118.0
419,2021-02-23,Women's Apparel,554.0
420,2021-02-24,Women's Apparel,1021.0
421,2021-02-25,Women's Apparel,508.0
422,2021-02-26,Women's Apparel,644.0
423,2021-02-27,Women's Apparel,739.790093754339
424,2021-02-28,Women's Apparel,577.6215795335579
425,2021-03-01,Women's Apparel,323.0
426,2021-03-02,Women's Apparel,315.0
427,2021-03-03,Women's Apparel,1016.0
428,2021-03-04,Women's Apparel,1150.0
429,2021-03-05,Women's Apparel,616.0
430,2021-03-06,Women's Apparel,423.0
431,2021-03-07,Women's Apparel,770.0
432,2021-03-08,Women's Apparel,1508.0
433,2021-03-09,Women's Apparel,1407.0
434,2021-03-10,Women's Apparel,1429.0
435,2021-03-11,Women's Apparel,1310.0
436,2021-03-12,Women's Apparel,632.0
437,2021-03-13,Women's Apparel,669.0
438,2021-03-14,Women's Apparel,797.4548805260978
439,2021-03-15,Women's Apparel,1413.0
440,2021-03-16,Women's Apparel,2251.0
441,2021-03-17,Women's Apparel,926.0
442,2021-03-18,Women's Apparel,1034.0
443,2021-03-19,Women's Apparel,996.0
444,2021-03-20,Women's Apparel,571.0
445,2021-03-21,Women's Apparel,1066.0
446,2021-03-22,Women's Apparel,520.0
447,2021-03-23,Women's Apparel,957.0
448,2021-03-24,Women's Apparel,976.7372209825685
449,2021-03-25,Women's Apparel,604.0
450,2021-03-26,Women's Apparel,462.24917517598965
451,2021-03-27,Women's Apparel,681.0
452,2021-03-28,Women's Apparel,1233.1208892006994
453,2021-03-29,Women's Apparel,1958.8384870978077
454,2021-03-30,Women's Apparel,2665.2189954088085
455,2021-03-31,Women's Apparel,3159.328615851186
456,2021-04-01,Women's Apparel,3248.233550142421
457,2021-04-02,Women's Apparel,2739.0
458,2021-04-03,Women's Apparel,1599.1463854808894
459,2021-04-04,Women's Apparel,438.0
460,2021-04-05,Women's Apparel,390.0
461,2021-04-06,Women's Apparel,2360.0
462,2021-04-07,Women's Apparel,2387.961403334962
463,2021-04-08,Women's Apparel,919.0
464,2021-04-09,Women's Apparel,252.0
465,2021-04-10,Women's Apparel,1697.0
466,2021-04-11,Women's Apparel,849.0
467,2021-04-12,Women's Apparel,1153.0
468,2021-04-13,Women's Apparel,948.0
469,2021-04-14,Women's Apparel,2247.0
470,2021-04-15,Women's Apparel,1368.054488374548
471,2021-04-16,Women's Apparel,677.0
472,2021-04-17,Women's Apparel,2340.0
473,2021-04-18,Women's Apparel,1991.0
474,2021-04-19,Women's Apparel,2474.9974531849566
475,2021-04-20,Women's Apparel,2486.0
476,2021-04-21,Women's Apparel,636.0
477,2021-04-22,Women's Apparel,325.0
478,2021-04-23,Women's Apparel,530.0
479,2021-04-24,Women's Apparel,2206.0
480,2021-04-25,Women's Apparel,2552.9683422800085
481,2021-04-26,Women's Apparel,1730.0
482,2021-04-27,Women's Apparel,847.7138482602375
483,2021-04-28,Women's Apparel,305.4435542259786
484,2021-04-29,Women's Apparel,324.7014830787306
485,2021-04-30,Women's Apparel,1127.0
486,2021-05-01,Women's Apparel,1904.0
487,2021-05-02,Women's Apparel,480.0
488,2021-05-03,Women's Apparel,1232.0
489,2021-05-04,Women's Apparel,864.0
490,2021-05-05,Women's Apparel,2208.0
491,2021-05-06,Women's Apparel,1020.0
492,2021-05-07,Women's Apparel,2143.0
493,2021-05-08,Women's Apparel,3621.004338174131
494,2021-05-09,Women's Apparel,3438.0
495,2021-05-10,Women's Apparel,1444.0
496,2021-05-11,Women's Apparel,982.0
497,2021-05-12,Women's Apparel,1516.0
498,2021-05-13,Women's Apparel,1339.0
499,2021-05-14,Women's Apparel,1665.0
500,2021-05-15,Women's Apparel,725.0
501,2021-05-16,Women's Apparel,790.0
502,2021-05-17,Women's Apparel,680.0
503,2021-05-18,Women's Apparel,3320.0
504,2021-05-19,Women's Apparel,1700.0
505,2021-05-20,Women's Apparel,2013.0
506,2021-05-21,Women's Apparel,1620.853433153094
507,2021-05-22,Women's Apparel,519.6437188762903
508,2021-05-23,Women's Apparel,358.0
509,2021-05-24,Women's Apparel,1724.0
510,2021-05-25,Women's Apparel,1701.0
511,2021-05-26,Women's Apparel,293.0
512,2021-05-27,Women's Apparel,672.0
513,2021-05-28,Women's Apparel,1046.455542299933
514,2021-05-29,Women's Apparel,1063.3669504394966
515,2021-05-30,Women's Apparel,1153.0
516,2021-05-31,Women's Apparel,1492.4337008491193
517,2021-06-01,Women's Apparel,1246.0
518,2021-06-02,Women's Apparel,318.0
519,2021-06-03,Women's Apparel,1210.0
520,2021-06-04,Women's Apparel,2304.0
521,2021-06-05,Women's Apparel,1973.0
522,2021-06-06,Women's Apparel,410.0
523,2021-06-07,Women's Apparel,2505.0
524,2021-06-08,Women's Apparel,2416.0
525,2021-06-09,Women's Apparel,645.0
526,2021-06-10,Women's Apparel,323.0
527,2021-06-11,Women's Apparel,1378.0
528,2021-06-12,Women's Apparel,997.0
529,2021-06-13,Women's Apparel,1104.0
530,2021-06-14,Women's Apparel,567.0
531,2021-06-15,Women's Apparel,1181.0
532,2021-06-16,Women's Apparel,3356.3788766997404
533,2021-06-17,Women's Apparel,4081.0
534,2021-06-18,Women's Apparel,1699.0
535,2021-06-19,Women's Apparel,966.0
536,2021-06-20,Women's Apparel,1265.237907067367
537,2021-06-21,Women's Apparel,1617.0
538,2021-06-22,Women's Apparel,1436.0
539,2021-06-23,Women's Apparel,1104.0
540,2021-06-24,Women's Apparel,2233.0
541,2021-06-25,Women's Apparel,410.0
542,2021-06-26,Women's Apparel,954.0
543,2021-06-27,Women's Apparel,1384.1445484546039
544,2021-06-28,Women's Apparel,989.4982277734177
545,2021-06-29,Women's Apparel,313.0
546,2021-06-30,Women's Apparel,917.3580265823415
547,2021-07-01,Women's Apparel,381.0
548,2021-07-02,Women's Apparel,1634.0
549,2021-07-03,Women's Apparel,1562.5794630130522
550,2021-07-04,Women's Apparel,628.0
551,2021-07-05,Women's Apparel,344.0
552,2021-07-06,Women's Apparel,1363.0
553,2021-07-07,Women's Apparel,344.0
554,2021-07-08,Women's Apparel,938.0
555,2021-07-09,Women's Apparel,286.0
556,2021-07-10,Women's Apparel,1000.0
557,2021-07-11,Women's Apparel,851.0
558,2021-07-12,Women's Apparel,1322.1947987408025
559,2021-07-13,Women's Apparel,1519.0
560,2021-07-14,Women's Apparel,456.352751237741
561,2021-07-15,Women's Apparel,935.0
562,2021-07-16,Women's Apparel,3697.0
563,2021-07-17,Women's Apparel,2004.0
564,2021-07-18,Women's Apparel,1586.1659970775136
565,2021-07-19,Women's Apparel,1966.0
566,2021-07-20,Women's Apparel,1082.0
567,2021-07-21,Women's Apparel,540.0
568,2021-07-22,Women's Apparel,693.0
569,2021-07-23,Women's Apparel,2243.0
570,2021-07-24,Women's Apparel,2177.205040348914
571,2021-07-25,Women's Apparel,1058.0
572,2021-07-26,Women's Apparel,349.18370800818764
573,2021-07-27,Women's Apparel,150.18630136252838
574,2021-07-28,Women's Apparel,219.34574403560487
575,2021-07-29,Women's Apparel,315.0
576,2021-07-30,Women's Apparel,282.4689322666618
577,2021-07-31,Women's Apparel,315.0
578,2021-08-01,Women's Apparel,544.0
579,2021-08-02,Women's Apparel,716.0
580,2021-08-03,Women's Apparel,1024.0
581,2021-08-04,Women's Apparel,1248.0
582,2021-08-05,Women's Apparel,1629.0
583,2021-08-06,Women's Apparel,1077.0
584,2021-08-07,Women's Apparel,1442.0
585,2021-08-08,Women's Apparel,1160.0
586,2021-08-09,Women's Apparel,781.0
587,2021-08-10,Women's Apparel,642.0
588,2021-08-11,Women's Apparel,280.0
589,2021-08-12,Women's Apparel,1803.0
590,2021-08-13,Women's Apparel,1235.0
591,2021-08-14,Women's Apparel,1034.0
592,2021-08-15,Women's Apparel,1134.239447887812
593,2021-08-16,Women's Apparel,1686.0
594,2021-08-17,Women's Apparel,2515.0
595,2021-08-18,Women's Apparel,1903.0
596,2021-08-19,Women's Apparel,1815.5229708432435
597,2021-08-20,Women's Apparel,1651.0
598,2021-08-21,Women's Apparel,885.0
599,2021-08-22,Women's Apparel,1315.0
600,2021-08-23,Women's Apparel,600.0
601,2021-08-24,Women's Apparel,1680.0
602,2021-08-25,Women's Apparel,1587.856032425177
603,2021-08-26,Women's Apparel,729.0
604,2021-08-27,Women's Apparel,536.2726270952121
605,2021-08-28,Women's Apparel,738.0
606,2021-08-29,Women's Apparel,846.678459193975
607,2021-08-30,Women's Apparel,1216.0
608,2021-08-31,Women's Apparel,1997.388536128888
609,2021-09-01,Women's Apparel,1692.0
610,2021-09-02,Women's Apparel,344.0
611,2021-09-03,Women's Apparel,1992.0
612,2021-09-04,Women's Apparel,1049.0
613,2021-09-05,Women's Apparel,693.0
614,2021-09-06,Women's Apparel,416.0
615,2021-09-07,Women's Apparel,2086.0
616,2021-09-08,Women's Apparel,1388.0
617,2021-09-09,Women's Apparel,1976.0
618,2021-09-10,Women's Apparel,1249.0
619,2021-09-11,Women's Apparel,1141.0
620,2021-09-12,Women's Apparel,1968.0
621,2021-09-13,Women's Apparel,1039.0
622,2021-09-14,Women's Apparel,716.0
623,2021-09-15,Women's Apparel,2166.0
624,2021-09-16,Women's Apparel,790.0
625,2021-09-17,Women's Apparel,1871.0
626,2021-09-18,Women's Apparel,1314.0
627,2021-09-19,Women's Apparel,1689.0
628,2021-09-20,Women's Apparel,634.0
629,2021-09-21,Women's Apparel,1377.0
630,2021-09-22,Women's Apparel,1727.0372432455665
631,2021-09-23,Women's Apparel,1264.0
632,2021-09-24,Women's Apparel,676.0
633,2021-09-25,Women's Apparel,811.0
634,2021-09-26,Women's Apparel,1552.7235626662412
635,2021-09-27,Women's Apparel,2013.0
636,2021-09-28,Women's Apparel,1514.7031917699069
637,2021-09-29,Women's Apparel,765.0
638,2021-09-30,Women's Apparel,681.0886702541314
639,2021-10-01,Women's Apparel,1636.0
640,2021-10-02,Women's Apparel,2892.0
641,2021-10-03,Women's Apparel,1806.0
642,2021-10-04,Women's Apparel,1428.0
643,2021-10-05,Women's Apparel,1721.0
644,2021-10-06,Women's Apparel,2141.0
645,2021-10-07,Women's Apparel,2650.0
646,2021-10-08,Women's Apparel,2104.0
647,2021-10-09,Women's Apparel,1533.0
648,2021-10-10,Women's Apparel,1514.0
649,2021-10-11,Women's Apparel,2170.0
650,2021-10-12,Women's Apparel,2245.0
651,2021-10-13,Women's Apparel,561.0
652,2021-10-14,Women's Apparel,390.0
653,2021-10-15,Women's Apparel,1823.0
654,2021-10-16,Women's Apparel,2886.722718376555
655,2021-10-17,Women's Apparel,2656.0
656,2021-10-18,Women's Apparel,1199.0
657,2021-10-19,Women's Apparel,752.0
658,2021-10-20,Women's Apparel,1904.7318211141103
659,2021-10-21,Women's Apparel,2417.0
660,2021-10-22,Women's Apparel,968.0
661,2021-10-23,Women's Apparel,830.0
662,2021-10-24,Women's Apparel,1139.0
663,2021-10-25,Women's Apparel,983.342241197364
664,2021-10-26,Women's Apparel,611.0
665,2021-10-27,Women's Apparel,356.0
666,2021-10-28,Women's Apparel,153.8359186934885
667,2021-10-29,Women's Apparel,250.0
668,2021-10-30,Women's Apparel,856.1553752922247
669,2021-10-31,Women's Apparel,1611.7081092782469
670,2021-11-01,Women's Apparel,2013.0
671,2021-11-02,Women's Apparel,1423.0
672,2021-11-03,Women's Apparel,284.0
673,2021-11-04,Women's Apparel,1827.0
674,2021-11-05,Women's Apparel,1034.0
675,2021-11-06,Women's Apparel,2138.0
676,2021-11-07,Women's Apparel,989.0
677,2021-11-08,Women's Apparel,2372.0
678,2021-11-09,Women's Apparel,2093.0
679,2021-11-10,Women's Apparel,2494.0
680,2021-11-11,Women's Apparel,2054.0
681,2021-11-12,Women's Apparel,375.0
682,2021-11-13,Women's Apparel,1194.0
683,2021-11-14,Women's Apparel,1362.0
684,2021-11-15,Women's Apparel,625.0408833108439
685,2021-11-16,Women's Apparel,1204.0
686,2021-11-17,Women's Apparel,3265.0
687,2021-11-18,Women's Apparel,1457.0
688,2021-11-19,Women's Apparel,1214.5488215296748
689,2021-11-20,Women's Apparel,1701.0
690,2021-11-21,Women's Apparel,764.0
691,2021-11-22,Women's Apparel,355.0
692,2021-11-23,Women's Apparel,676.0
693,2021-11-24,Women's Apparel,1739.0
694,2021-11-25,Women's Apparel,1835.1826737311903
695,2021-11-26,Women's Apparel,1296.0
696,2021-11-27,Women's Apparel,948.877473231366
697,2021-11-28,Women's Apparel,881.8850889932858
698,2021-11-29,Women's Apparel,998.2539681395228
699,2021-11-30,Women's Apparel,1201.21523152384
700,2021-12-01,Women's Apparel,1394.0
701,2021-12-02,Women's Apparel,1646.0
702,2021-12-03,Women's Apparel,1964.0
703,2021-12-04,Women's Apparel,1258.0
704,2021-12-05,Women's Apparel,2166.0
705,2021-12-06,Women's Apparel,1957.0
706,2021-12-07,Women's Apparel,1415.0
707,2021-12-08,Women's Apparel,1158.0
708,2021-12-09,Women's Apparel,1071.0
709,2021-12-10,Women's Apparel,1541.0
710,2021-12-11,Women's Apparel,315.0
711,2021-12-12,Women's Apparel,1307.0
712,2021-12-13,Women's Apparel,1188.0
713,2021-12-14,Women's Apparel,365.0
714,2021-12-15,Women's Apparel,813.0
715,2021-12-16,Women's Apparel,3444.0
716,2021-12-17,Women's Apparel,1662.0
717,2021-12-18,Women's Apparel,1001.1230788069306
718,2021-12-19,Women's Apparel,1496.0
719,2021-12-20,Women's Apparel,1197.0
720,2021-12-21,Women's Apparel,423.0
721,2021-12-22,Women's Apparel,720.0
722,2021-12-23,Women's Apparel,1864.0
723,2021-12-24,Women's Apparel,1683.9967723204497
724,2021-12-25,Women's Apparel,829.0
725,2021-12-26,Women's Apparel,806.0
726,2021-12-27,Women's Apparel,1180.59935446409
727,2021-12-28,Women's Apparel,1295.7491930801125
728,2021-12-29,Women's Apparel,1106.3322574401502
729,2021-12-30,Women's Apparel,817.5000000000003
730,2021-12-31,Women's Apparel,806.0
